4.0 160 50 12
000000,3;000020,31;002020,92;000020,32;000000,2
000000,1;000020,31;002020,97;000020,31
000020,29;002020,101;000020,30
000020,27;002020,106;000020,27
000020,25;002020,110;000020,25
000020,24;002020,40;002040,32;002020,40;000020,24
000020,22;002020,38;002040,40;002020,38;000020,22
000020,21;002020,34;002040,51;002020,34;000020,20
000020,20;002020,30;002040,59;002020,32;000020,19
000020,18;002020,29;002040,25;202040,6;002040,33;002020,32;000020,17
000020,18;002020,28;002040,22;202040,17;002040,1;202040,3;002040,1;202040,2;002040,21;002020,30;000020,17
000020,16;002020,28;002040,18;202040,28;002040,2;202040,4;002040,21;002020,27;000020,16
000020,14;002020,26;002040,3;202040,1;002040,4;202040,2;002040,2;202040,4;002040,2;202040,44;002040,4;202040,1;002040,3;202040,2;002040,8;002020,25;000020,15
000020,4;002020,4;000020,1;002020,1;000020,2;002020,26;002040,3;202040,81;002020,26;000020,12
000020,9;002020,23;202020,1;002020,3;202040,2;002040,2;202040,81;002040,1;202040,2;202020,1;002020,27;000020,8
000020,3;002020,29;202020,4;202040,36;202060,16;202040,33;002040,1;202040,2;202020,6;002020,26;000020,4
002020,28;202020,3;002020,1;202020,4;202040,30;202060,28;202040,30;202020,10;002020,25;000020,1
002020,15;202020,1;002020,7;202020,2;002020,3;202020,6;202040,32;202060,17;204060,1;202060,14;202040,28;202020,11;002020,23
002020,16;202020,4;002020,1;202020,11;202040,29;202060,15;204060,12;202060,12;202040,29;202020,10;002020,1;202020,4;002020,16
002020,11;202020,3;002020,1;202020,15;202040,30;202060,6;204060,30;202060,4;202040,30;202020,14;002020,2;202020,2;002020,12
002020,10;202020,19;202040,29;202060,5;204060,34;202060,7;202040,28;202020,18;002020,10
002020,8;202020,19;202040,29;202060,2;204060,42;202060,5;202040,28;202020,18;002020,9
002020,6;202020,22;202040,26;202060,3;204060,45;202060,5;202040,24;202020,1;202040,2;202020,20;002020,6
002020,6;202020,22;202040,24;202060,4;204060,47;202060,5;202040,25;202020,21;002020,3;202020,2;002020,1
202020,27;202040,25;202060,3;204060,49;202060,4;202040,25;202020,23;002020,1;202020,2;002020,1
202020,27;202040,24;202060,4;204060,50;202060,3;202040,25;202020,23;002020,1;202020,2;002020,1
202020,27;202040,25;202060,3;204060,50;202060,3;202040,25;202020,27
202020,26;202040,28;202060,2;204060,49;202060,3;202040,26;202020,26
202020,26;202040,28;202060,1;204060,50;202060,3;202040,26;202020,26
202020,25;202040,29;202060,1;204060,51;202060,2;202040,27;202020,25
202020,25;202040,30;204060,51;202040,30;202020,24
202020,27;202040,27;204060,52;202040,28;202020,26
202020,28;202040,27;204060,51;202040,28;202020,26
202020,26;202040,1;202020,1;202040,30;204040,2;204060,43;202040,30;202020,27
202020,28;202040,31;204040,1;204060,41;202040,32;202020,27
202020,29;202040,30;204040,6;204060,32;204040,3;202040,32;202020,28
202020,32;202040,33;204040,11;204060,8;204040,6;202040,38;202020,32
202020,36;202040,87;202020,37
202020,40;202040,80;202020,40
202020,44;202040,72;202020,44
202020,48;202040,65;202020,42;002020,2;202020,2;002020,1
002020,4;202020,6;002020,9;202020,27;202040,2;202020,3;202040,58;202020,32;002020,8;202020,2;002020,6;000020,2;002020,1
002020,2;000020,6;002020,14;202020,31;202040,52;202020,30;002020,1;202020,5;002020,14;000020,4;002020,1
000020,10;002020,25;202020,3;002020,2;202020,22;202040,34;202020,27;002020,1;202020,1;002020,26;000020,9
000020,11;002020,30;202020,8;002020,2;202020,58;002020,3;202020,8;002020,29;000020,11
000020,12;002020,4;000020,5;002020,37;202020,39;002020,16;202020,4;002020,24;000020,19
000020,24;002020,48;202020,8;002020,54;000020,26
000000,4;000020,26;002020,2;000020,1;002020,98;000020,23;000000,2;000020,1;000000,3
000000,8;000020,29;002020,78;000020,1;002020,7;000020,29;000000,8
000000,10;000020,33;002020,1;000020,1;002020,1;000020,5;002020,1;000020,1;002020,4;000020,1;002020,54;000020,5;002020,2;000020,28;000000,1;000020,2;000000,10
000020,34;002020,91;000020,32;000000,3
000020,32;002020,97;000020,31
000020,28;002020,103;000020,29
000020,27;002020,106;000020,27
000020,25;002020,110;000020,25
000020,23;002020,41;002040,32;002020,41;000020,23
000020,22;002020,38;002040,40;002020,38;000020,22
000020,21;002020,35;002040,50;002020,34;000020,20
000020,20;002020,32;002040,56;002020,33;000020,19
000020,18;002020,30;002040,29;202040,2;002040,4;202040,1;002040,27;002020,32;000020,17
000020,17;002020,30;002040,18;202040,11;002040,1;202040,11;002040,1;202040,3;002040,22;002020,30;000020,16
000020,17;002020,27;002040,18;202040,35;002040,20;002020,27;000020,16
000020,14;002020,27;002040,16;202040,46;002040,3;202040,1;002040,5;202040,2;002040,4;202040,1;002040,1;002020,28;000020,4;002020,1;000020,7
000020,4;002020,4;000020,2;002020,28;202040,2;002040,1;202040,1;002040,4;202040,3;002040,1;202040,60;002040,2;202040,1;002040,1;202040,5;002040,1;202040,2;002020,27;000020,3;002020,3;000020,5
000020,10;002020,23;202020,1;002020,2;202040,6;002040,2;202040,80;202020,1;002020,26;000020,1;002020,4;000020,4
000020,2;002020,6;000020,1;002020,23;202020,4;202040,40;202060,13;202040,35;202020,2;002020,2;202020,1;002020,23;000020,1;002020,4;000020,3
002020,28;202020,8;202040,32;202060,21;202040,2;202060,3;202040,30;202020,10;002020,2;202020,1;002020,23
002020,15;202020,2;002020,1;202020,2;002020,2;202020,3;002020,3;202020,6;202040,28;202060,15;204060,3;202060,4;204060,1;202060,13;202040,28;202020,10;002020,24
002020,21;202020,11;202040,29;202060,9;204060,1;202060,2;204060,16;202060,9;202040,31;202020,15;002020,2;202020,2;002020,12
002020,10;202020,4;002020,4;202020,12;202040,30;202060,6;204060,30;202060,4;202040,30;202020,14;002020,1;202020,3;002020,12
002020,9;202020,11;002020,1;202020,7;202040,2;202020,2;202040,24;202060,4;204060,1;202060,2;204060,34;202060,1;204060,2;202060,4;202040,28;202020,7;002020,1;202020,11;002020,9
002020,8;202020,22;202040,25;202060,4;204060,42;202060,5;202040,26;202020,20;002020,8
002020,6;202020,22;202040,26;202060,4;204060,45;202060,5;202040,24;202020,22;002020,6
002020,1;202020,2;002020,3;202020,22;202040,24;202060,4;204060,47;202060,5;202040,24;202020,22;002020,3;202020,2;002020,1
202020,27;202040,24;202060,4;204060,50;202060,4;202040,23;202020,24;002020,1;202020,3
202020,27;202040,24;202060,4;204060,50;202060,4;202040,24;202020,27
202020,26;202040,26;202060,3;204060,50;202060,3;202040,25;202020,27
202020,26;202040,28;202060,1;204060,50;202060,3;202040,26;202020,26
202020,26;202040,28;204060,52;202060,2;202040,26;202020,26
202020,25;202040,29;204060,52;202040,29;202020,25
202020,25;202040,29;204060,52;202040,29;202020,25
202020,26;202040,26;204040,1;202040,1;204040,1;204060,49;204040,2;202040,28;202020,26
202020,27;202040,27;204040,3;204060,48;202040,29;202020,26
202020,25;202040,1;202020,1;202040,30;204040,1;204060,45;204040,1;202040,29;202020,27
202020,27;202040,32;204040,1;204060,41;202040,31;202020,28
202020,28;202040,31;204040,5;204060,29;204040,3;204060,1;204040,3;202040,32;202020,28
806020,1;604020,3;404020,1;604040,1;404020,1;202020,24;202040,36;204040,1;202040,1;204040,7;204060,12;204040,3;202040,1;204040,1;202040,1;204040,2;202040,32;202020,32
C0A060,1;C0A040,1;A08040,1;A0A040,1;A08040,2;808040,2;808060,1;806040,1;606040,2;404040,1;404020,1;202020,22;202040,89;202020,35
202020,40;202040,80;202020,40
202020,44;202040,71;202020,45
202020,48;202040,63;202020,1;202040,1;202020,46;002020,1
202020,52;202040,57;202020,30;002020,10;202020,2;002020,9
002020,8;202020,1;002020,3;202020,2;002020,10;202020,32;202040,49;202020,31;002020,20;000020,2;002020,2
000020,2;002020,10;202020,2;002020,11;202020,1;002020,9;202020,5;002020,1;202020,21;202040,34;202020,22;002020,2;202020,9;002020,4;202020,1;002020,18;000020,7;002020,1
000020,10;002020,32;202020,63;002020,1;202020,6;002020,2;202020,4;002020,31;000020,11
000020,12;002020,5;000020,2;002020,36;202020,3;002020,2;202020,35;002020,1;202020,1;002020,19;202020,1;002020,23;000020,20
000020,23;002020,57;202020,4;002020,51;000020,25
000000,3;000020,27;002020,101;000020,25;000000,4
000000,8;000020,29;002020,3;000020,1;002020,83;000020,1;002020,2;000020,25;000000,8
000000,10;000020,33;002020,1;000020,1;002020,1;000020,5;002020,63;000020,36;000000,10
000020,34;002020,92;000020,34
000020,32;002020,97;000020,31
000020,28;002020,103;000020,29
000020,27;002020,106;000020,27
000020,24;002020,56;002040,1;002020,54;000020,25
000020,24;002020,40;002040,32;002020,41;000020,23
000020,22;002020,38;002040,40;002020,38;000020,22
000020,19;002020,1;000020,1;002020,33;002040,52;002020,33;000020,21
000020,19;002020,32;002040,57;002020,33;000020,19
000020,18;002020,30;002040,28;202040,1;002040,1;202040,2;002040,32;002020,30;000020,18
000020,17;002020,29;002040,19;202040,7;002040,1;202040,20;002040,21;002020,29;000020,17
000020,16;002020,26;002040,20;202040,36;002040,18;002020,28;000020,16
000020,14;002020,27;002040,7;202040,2;002040,2;202040,4;002040,1;202040,46;002040,3;202040,2;002040,4;202040,2;002040,5;002020,28;000020,6;002020,1;000020,6
000020,4;002020,4;000020,4;002020,26;202040,2;002040,1;202040,1;002040,1;202040,64;002040,1;202040,5;002040,1;202040,4;002040,2;202040,2;002020,27;000020,4;002020,3;000020,4
000020,4;002020,32;202040,6;002040,2;202040,76;002040,1;202040,3;002020,26;000020,1;002020,5;000020,4
000020,1;002020,30;202020,1;002020,2;202020,2;202040,37;202060,16;202040,36;202020,2;002020,24;000020,2;002020,5;000020,2
002020,24;202020,2;002020,2;202020,8;202040,32;202060,21;202040,2;202060,1;202040,32;202020,6;002020,2;202020,2;002020,2;202020,1;002020,23
002020,18;202020,2;002020,4;202020,2;002020,1;202020,7;202040,29;202060,14;204060,3;202060,4;204060,1;202060,13;202040,29;202020,11;002020,22
002020,16;202020,4;002020,3;202020,9;202040,30;202060,8;204060,1;202060,1;204060,17;202060,8;202040,33;202020,14;002020,2;202020,2;002020,12
002020,11;202020,4;002020,1;202020,5;002020,1;202020,8;202040,30;202060,7;204060,27;202060,6;202040,30;202020,14;002020,1;202020,4;002020,11
002020,9;202020,19;202040,3;202020,1;202040,25;202060,3;204060,2;202060,1;204060,34;202060,1;204060,2;202060,4;202040,28;202020,19;002020,9
002020,7;202020,23;202040,25;202060,4;204060,42;202060,4;202040,27;202020,20;002020,8
002020,7;202020,21;202040,26;202060,5;204060,44;202060,3;202040,25;202020,23;002020,6
002020,1;202020,2;002020,3;202020,21;202040,25;202060,5;204060,46;202060,5;202040,24;202020,22;002020,3;202020,3
202020,3;002020,3;202020,21;202040,25;202060,3;204060,50;202060,3;202040,25;202020,21;002020,3;202020,3
202020,27;202040,24;202060,4;204060,50;202060,4;202040,24;202020,23;002020,1;202020,3
202020,27;202040,25;202060,3;204060,50;202060,3;202040,25;202020,27
202020,26;202040,26;202060,2;204060,51;202060,3;202040,26;202020,26
202020,26;202040,26;202060,2;204060,52;202060,2;202040,26;202020,26
202020,25;202040,29;204060,52;202060,2;202040,26;202020,26
202020,25;202040,29;204060,52;202040,29;202020,25
202020,23;202040,31;204040,1;204060,50;204040,1;202040,27;202020,27
202020,25;202040,30;204040,1;204060,49;202040,1;204040,1;202040,25;202020,28
404020,2;202020,25;202040,30;204040,1;204060,45;204040,2;202040,27;202020,28
A06040,1;806020,1;402020,2;404040,1;604020,1;402020,1;404020,1;402020,1;404020,1;604040,1;806040,1;A08040,1;606040,1;202020,13;202040,33;204060,41;202040,31;202020,28
C08040,1;A06020,1;A08040,1;806040,2;A06040,1;806020,1;A08040,1;A06040,1;A08040,2;C08040,1;C0A040,1;C08040,1;A08040,1;202020,13;202040,32;204040,4;204060,33;204040,1;202040,34;202020,28
C0A040,1;C08020,1;A08020,1;A06020,1;C08040,1;C08020,1;C08040,1;E0A040,1;C0A040,1;E0A040,1;C08040,1;C0A040,1;C08040,3;A06040,1;604020,1;806040,1;A06020,1;C08040,2;806040,1;404020,1;202020,11;202040,30;204040,12;204060,12;204040,1;202040,39;202020,32
C08040,1;C06020,1;C08040,2;804020,1;A06020,1;806020,1;C08040,4;C0A040,1;E0A040,2;C0A040,1;A06020,4;A08020,1;A06020,1;C0A060,1;A0A060,1;806040,2;808060,1;A08060,1;A0A060,1;A08060,2;808060,4;806060,1;606040,1;404040,1;202040,88;202020,35
C08040,1;A08020,1;A08040,1;A06040,1;A08040,1;A06020,1;A08040,1;C08040,2;C0A040,1;C08040,1;C0A040,1;C08040,3;604020,1;402020,2;604040,1;806040,1;604040,1;202020,19;202040,80;202020,40
C08040,1;806020,1;604020,2;804020,2;806020,3;804020,1;A06040,2;C08040,1;A06040,1;404020,1;202020,27;202040,73;202020,45
806040,1;402020,1;202020,2;402020,1;404020,1;402020,2;202020,3;402020,1;604020,1;402020,1;202020,34;202040,63;202020,1;202040,1;202020,46;002020,1
202020,52;202040,57;202020,35;002020,4;202020,3;002020,1;202020,1;002020,1;202020,2;002020,4
202020,56;202040,49;202020,29;002020,1;202020,4;002020,17;000020,2;002020,2
000020,2;002020,2;202020,5;002020,1;202020,6;002020,1;202020,3;002020,1;202020,41;202040,34;202020,22;002020,2;202020,8;002020,4;202020,3;002020,19;000020,5;002020,1
000020,8;200020,2;000020,1;002020,1;202020,2;002020,1;000020,3;002020,8;202020,1;002020,4;202020,5;002020,5;202020,77;002020,32;000020,10
000020,19;002020,1;000020,2;002020,26;202020,4;002020,3;202020,45;002020,12;202020,2;002020,26;000020,1;002020,1;000020,1;002020,1;000020,16
000020,23;002020,33;202020,1;002020,1;202020,2;002020,6;202020,2;002020,4;202020,4;002020,4;202020,4;002020,14;202020,1;002020,37;000020,24
000000,3;000020,27;002020,101;000020,22;000000,7
000000,10;000020,26;002020,86;000020,2;002020,3;000020,25;000000,8
000000,11;000020,32;002020,1;000020,1;002020,1;000020,4;002020,66;000020,2;002020,2;000020,28;000000,12
000020,2;000000,2;000020,32;002020,91;000020,31;000000,2
000020,33;002020,96;000020,31
000020,30;002020,4;000020,1;002020,96;000020,29
000020,27;002020,106;000020,27
000020,24;002020,56;002040,1;002020,54;000020,25
000020,23;002020,42;002040,31;002020,41;000020,23
000020,22;002020,38;002040,40;002020,38;000020,22
000020,20;002020,35;002040,51;002020,33;000020,21
000020,19;002020,32;002040,57;002020,33;000020,19
000020,18;002020,31;002040,27;202040,1;002040,35;002020,30;000020,18
000020,18;002020,28;002040,20;202040,27;002040,21;002020,29;000020,17
000020,16;002020,26;002040,20;202040,36;002040,18;002020,28;000020,16
000020,14;002020,27;002040,7;202040,2;002040,2;202040,4;002040,1;202040,46;002040,4;202040,1;002040,2;202040,1;002040,8;002020,26;000020,15
000020,4;002020,4;000020,3;002020,27;002040,4;202040,2;002040,2;202040,70;002040,4;202040,1;002020,28;000020,4;002020,3;000020,4
000020,4;002020,32;202040,2;002040,3;202040,84;002020,31;000020,4
000020,1;002020,30;202020,2;002020,1;202020,2;202040,2;002040,1;202040,35;202060,1;202040,1;202060,12;202040,33;002040,1;202040,4;202020,1;002020,1;202020,3;002020,27;000020,2
002020,25;202020,1;002020,2;202020,8;202040,32;202060,22;202040,34;202020,8;002020,1;202020,2;002020,25
002020,24;202020,2;002020,2;202020,6;202040,29;202060,33;202040,31;202020,9;002020,24
002020,19;202020,13;202040,31;202060,7;204060,1;202060,1;204060,17;202060,10;202040,30;202020,9;002020,2;202020,4;002020,2;202020,2;002020,12
002020,11;202020,4;002020,2;202020,14;202040,29;202060,7;204060,27;202060,6;202040,30;202020,14;002020,1;202020,5;002020,10
002020,9;202020,20;202040,28;202060,6;204060,34;202060,1;204060,2;202060,4;202040,28;202020,19;002020,9
002020,8;202020,20;202040,27;202060,4;204060,41;202060,5;202040,26;202020,21;002020,8
002020,7;202020,21;202040,25;202060,5;204060,44;202060,5;202040,25;202020,22;002020,6
002020,1;202020,2;002020,3;202020,22;202040,25;202060,4;204060,46;202060,5;202040,24;202020,22;002020,3;202020,1;002020,2
202020,4;002020,1;202020,22;202040,25;202060,3;204060,50;202060,3;202040,24;202020,22;002020,2;202020,4
202020,27;202040,24;202060,4;204060,50;202060,4;202040,24;202020,27
202020,27;202040,25;202060,3;204060,50;202060,3;202040,25;202020,27
202020,26;202040,26;202060,3;204060,50;202060,3;202040,25;202020,27
202020,24;202040,28;202060,2;204060,52;202060,2;202040,26;202020,26
202020,24;202040,30;204060,52;202060,2;202040,26;202020,26
404040,1;202020,23;202040,30;204060,53;202040,28;202020,25
604020,1;402020,1;202020,3;402020,3;404040,2;402020,1;404020,1;202020,1;404040,1;202020,1;404040,1;202040,1;202020,9;202040,27;204060,53;204040,1;202040,27;202020,26
604020,1;402020,3;404020,1;606040,1;604020,2;604040,2;604020,1;806040,1;404020,2;604040,3;606040,1;604020,1;202020,7;202040,27;204040,2;204060,50;202040,29;202020,26
806020,1;604020,1;606040,1;806040,1;A08040,2;804020,2;A06040,1;A08040,3;604020,1;604040,1;804020,2;A06020,1;A06040,1;A08040,1;804020,1;604020,2;806040,1;202040,1;202020,4;202040,29;204040,1;204060,44;204040,1;202040,30;202020,27
806040,1;804020,1;806040,1;A08040,1;C0A060,2;A06020,1;A06040,1;A08040,1;C08040,1;A08040,1;C08040,1;A08040,1;806040,1;A06020,4;C06020,1;A06020,2;A06040,1;A08040,1;202020,5;604040,1;806040,2;404040,1;202040,28;204060,41;202040,31;202020,28
806020,1;A06040,1;A08040,1;C08040,1;A08040,2;A06020,1;806020,1;A06040,3;A06020,1;A08040,1;C08040,1;C06020,1;C08040,1;C06020,1;C08040,1;A06020,3;C08040,1;E0C060,1;604040,1;402020,1;202020,1;604040,1;A08040,1;C08040,2;E0A040,1;C0A080,1;404040,2;606040,1;404040,1;202040,24;204040,5;204060,31;204040,2;202040,34;202020,28
A08040,1;C08040,1;C0A040,2;C08040,1;A06020,1;C08040,1;A06040,2;A08040,1;A06020,1;A08040,1;C08040,1;C0A040,1;C08020,1;C08040,1;A06020,2;C08040,3;E0A040,1;E0C060,1;C0A040,1;C0A060,1;A08040,1;C0A040,1;C0A060,1;E0A060,1;C0A040,1;C08040,1;E0A060,2;E0C060,1;E0A060,1;C08040,1;A06040,1;806020,1;806040,1;606040,1;404040,1;202040,26;204040,7;202040,1;204040,1;204060,11;204040,8;202040,34;202020,31
C08040,1;C0A040,1;C08040,1;A06020,1;C08040,2;A08020,1;C08040,1;A08040,2;C0A060,1;A08040,1;C08040,1;C0A060,1;C08040,4;C0A040,1;E0A060,1;C0A060,2;C08020,1;C08040,1;E0A060,1;C0A040,1;E0A060,1;C08040,1;A06020,1;C08040,6;A06020,1;C0A060,1;C0C060,1;E0C080,2;C0C080,1;A0A060,2;A08060,1;606040,1;808060,1;606040,1;806060,1;606040,2;806060,1;606060,2;808060,1;806060,1;604040,1;204040,1;202040,67;202020,36
A06020,2;C08040,1;A08040,1;A06020,1;806020,1;A06020,1;806040,2;806020,1;604020,1;806040,1;C08040,2;A06020,6;A06040,1;C08040,1;E0A060,1;A08040,1;806040,1;604040,1;A08040,1;E0A060,1;C0A060,1;C08040,2;C0A060,1;806040,1;A08060,1;806040,1;604020,1;404020,2;404040,2;202040,80;202020,40
806020,2;A08040,1;C08040,1;A06040,2;806020,2;A06040,1;A08040,1;A06020,2;A06040,1;A06020,1;804020,1;A06020,1;806020,1;A06020,2;806020,1;A06020,1;A06040,1;C0A060,1;604020,1;202020,2;402020,1;806040,1;A08040,1;C08040,2;A08040,1;202020,7;202040,1;202020,4;202040,72;202020,44
806040,1;804020,1;806020,1;A08040,1;C08040,1;A08040,1;806020,1;804020,1;A06040,1;A08040,1;A06020,1;A06040,1;A08040,1;A06020,1;806020,1;804020,2;806020,2;804020,1;604020,1;A06040,1;806040,1;202020,4;402020,1;404020,1;604040,1;604020,1;402020,1;202020,15;202040,65;202020,46;002020,2
604020,3;A06040,1;C08040,1;806020,1;604020,1;806020,1;A06040,1;A06020,1;A06040,2;604020,3;804020,2;806020,1;804020,1;402020,2;604040,1;404020,1;202020,28;202040,58;202020,36;002020,4;202020,3;002020,8
604020,1;402020,2;404020,1;604020,4;806040,1;604020,1;806040,1;604020,1;402020,2;604020,2;404020,2;202020,38;202040,49;202020,28;002020,3;202020,3;002020,13;000020,6;002020,2
402020,1;202020,3;402020,3;604020,1;404020,1;402020,3;202020,50;202040,34;202020,21;002020,3;202020,9;002020,24;000020,7
202020,15;002020,1;202020,2;002020,4;202020,3;002020,1;202020,90;002020,8;202020,2;002020,24;000020,10
000020,9;200020,1;000020,3;200020,1;000020,7;002020,6;202020,2;002020,1;202020,6;002020,8;202020,1;002020,1;202020,8;002020,1;202020,45;002020,2;202020,2;002020,10;202020,1;002020,23;000020,22
000020,24;002020,19;202020,1;002020,28;202020,4;002020,4;202020,4;002020,53;000020,23
000000,4;000020,24;002020,77;202020,1;002020,24;000020,27;000000,3
000000,10;000020,28;002020,84;000020,2;002020,3;000020,25;000000,8
000000,11;000020,32;002020,3;000020,4;002020,50;000020,2;002020,9;000020,2;002020,1;000020,4;002020,1;000020,30;000000,11
000000,4;000020,30;002020,92;000020,32;000000,2
000020,32;002020,97;000020,30;000000,1
000020,29;002020,5;000020,1;002020,96;000020,29
000020,28;002020,105;000020,27
000020,25;002020,55;002040,1;002020,54;000020,25
000020,23;002020,43;002040,30;002020,40;000020,24
000020,22;002020,38;002040,40;002020,38;000020,22
000020,20;002020,35;002040,51;002020,33;000020,21
000020,19;002020,32;002040,20;202040,1;002040,36;002020,33;000020,19
000020,18;002020,31;002040,24;202040,1;002040,2;202040,1;002040,35;002020,30;000020,18
000020,19;002020,27;002040,20;202040,28;002040,20;002020,29;000020,17
000020,16;002020,27;002040,21;202040,34;002040,18;002020,28;000020,16
000020,14;002020,27;002040,7;202040,2;002040,2;202040,4;002040,1;202040,1;002040,1;202040,43;002040,5;202040,1;002040,2;202040,1;002040,1;202040,2;002040,5;002020,27;000020,14
000020,4;002020,4;000020,4;002020,27;002040,4;202040,1;002040,2;202040,68;002040,1;202040,1;002040,5;002020,1;202040,1;002020,24;000020,6;002020,2;000020,5
000020,4;002020,4;000020,2;002020,26;202040,3;002040,2;202040,79;002040,1;202040,1;002040,2;002020,33;000020,3
000020,3;002020,5;000020,1;002020,23;202020,1;002020,1;202020,2;202040,2;002040,2;202040,34;202060,1;202040,5;202060,8;202040,34;002040,2;202040,2;202020,3;002020,29;000020,2
000020,1;002020,24;202020,1;002020,2;202020,8;202040,32;202060,22;202040,1;202060,2;202040,30;002040,1;202020,8;002020,1;202020,1;002020,25;000020,1
002020,19;202020,1;002020,3;202020,3;002020,2;202020,6;202040,29;202060,33;202040,30;202020,10;002020,24
002020,19;202020,13;202040,31;202060,7;204060,1;202060,1;204060,18;202060,6;202040,2;202060,1;202040,30;202020,10;002020,1;202020,1;002020,1;202020,1;002020,3;202020,3;002020,11
002020,11;202020,4;002020,2;202020,14;202040,24;202060,1;202040,3;202060,8;204060,27;202060,7;202040,30;202020,14;002020,1;202020,3;002020,11
002020,9;202020,20;202040,28;202060,6;204060,34;202060,1;204060,1;202060,7;202040,26;202020,13;002020,1;202020,4;002020,10
002020,8;202020,20;202040,26;202060,6;204060,40;202060,5;202040,26;202020,20;002020,9
002020,7;202020,21;202040,26;202060,4;204060,44;202060,5;202040,25;202020,22;002020,6
202020,4;002020,2;202020,22;202040,25;202060,4;204060,46;202060,4;202040,25;202020,22;002020,3;202020,1;002020,2
202020,27;202040,25;202060,3;204060,49;202060,4;202040,24;202020,22;002020,2;202020,4
202020,25;202040,26;202060,4;204060,50;202060,3;202040,25;202020,27
202020,12;202040,2;202020,2;202040,2;202020,7;202040,27;202060,3;204060,50;202060,3;202040,25;202020,27
404020,1;202020,1;402020,1;202020,3;404040,1;402020,1;202020,1;202040,1;202020,1;202040,1;202020,2;404040,3;202040,1;202020,7;202040,2;404040,1;202040,24;202060,3;204060,50;202060,3;202040,25;202020,27
604040,1;404020,1;202020,1;402020,1;202020,1;402020,2;404020,1;202020,4;404020,2;404040,1;404020,1;404040,1;202020,3;202040,4;202020,1;202040,1;404040,1;604040,1;202040,24;202060,2;204060,52;202060,2;202040,26;202020,26
404020,2;402020,3;404020,1;604020,1;404020,3;404040,1;402020,1;606040,1;604040,1;404020,3;402020,1;404020,2;404040,3;402040,1;202020,1;606040,1;604040,1;806040,1;202020,1;202040,23;204060,54;202060,2;202040,26;202020,26
404020,2;404040,1;606040,1;604020,1;604040,1;606040,2;604020,1;604040,1;604020,1;606040,1;A08040,1;806040,1;404020,1;604040,2;404020,1;604020,1;606040,1;604040,4;806040,3;604040,1;202040,6;404040,1;202040,16;204040,2;204060,53;202040,29;202020,25
404020,3;404040,1;806040,1;A08060,1;A08040,1;806040,1;A08040,1;806040,1;A06040,2;A08040,1;A06040,1;806040,2;804020,1;806040,1;A06040,1;A08040,1;806040,2;804040,1;604040,1;A06040,3;604040,1;202020,1;202040,1;404040,1;202020,1;402020,1;606040,1;806040,1;404040,2;202040,13;204040,4;204060,51;204040,1;202040,27;202020,1;202040,2;202020,24
604020,1;A08060,1;604040,2;604020,1;806020,1;A08040,1;C0A060,2;A06020,1;A06040,1;A08040,1;806040,1;A06040,1;C0A060,1;A08040,2;C08040,1;A06040,1;A08040,3;806040,1;A06040,1;A08040,2;A06040,1;402020,1;404040,1;604040,1;806040,2;A06040,2;806040,1;604040,2;606040,1;204040,1;202040,10;204040,6;204060,1;204040,2;204060,47;204040,1;202040,27;202020,27
806040,2;606040,1;604040,1;806040,1;604020,1;A08040,1;C0A060,2;A08040,1;A06020,1;804020,1;806020,1;C08040,4;C06040,1;A06020,2;A06040,1;806040,1;A08040,2;C08040,1;C0A060,1;A08040,1;806040,1;A06040,2;C0A060,1;E0A060,1;C06020,1;C08040,1;A06040,1;C08060,1;A08040,1;A0A060,1;806040,1;604040,1;606040,1;604040,1;404040,1;202040,7;204040,8;204060,44;204040,1;202040,30;202020,27
604020,4;806040,1;604020,1;806040,1;A08040,3;804020,1;804040,1;A06020,1;A06040,1;C08040,1;A06020,1;A06040,1;A06020,2;806020,2;604020,1;A06040,1;A08040,2;C08040,3;A06040,1;C0A060,2;C08040,1;C06020,1;C08040,2;A06040,1;806040,1;A06040,1;C0A060,1;806040,2;A06020,1;806040,1;604040,1;404040,1;202040,5;204040,2;202040,2;204040,6;204060,41;202040,32;202020,27
A06040,2;806040,3;806020,1;806040,1;A08040,2;806020,1;804040,1;A06040,1;C08040,3;A06020,1;806020,1;806040,1;806020,1;806040,2;806020,1;C08060,1;C0A060,1;C08040,2;A08040,1;C08060,1;C0A040,1;C0A060,1;C0A040,1;C08040,1;A06040,1;A08040,1;C08040,1;A06040,1;806040,1;A06040,1;C08060,1;A06040,1;A06020,2;C08060,1;C0A060,1;A08060,1;604040,1;606040,1;806040,1;808060,1;606040,1;A08060,2;808060,1;606060,1;604040,1;806040,1;806060,1;604040,1;204040,5;204060,32;204040,4;202040,33;202020,28
A08040,3;A06020,1;A06040,1;806020,2;C0A060,1;A08040,1;806040,1;806020,1;C0A060,1;C0A040,1;C08040,2;C0A040,1;A08040,1;804020,1;A08040,1;A06040,2;A08040,1;C08040,1;E0A060,1;C08020,1;C08040,3;C0A060,1;E0C080,1;C08040,1;A06040,1;804040,1;A06040,1;C08040,1;A06040,1;806020,1;A06040,1;A08040,2;C08040,1;C0A060,1;C08040,4;E0A060,1;C08040,1;E0A060,1;C0A060,2;E0C080,3;C0A060,1;E0A060,3;C0A060,1;806040,1;604040,2;804040,1;606040,1;606060,1;404060,1;204040,1;202040,1;204040,1;204060,9;204040,1;204060,1;204040,2;204060,5;204040,9;202040,32;202020,32
C08040,1;A08040,1;C08040,3;A08040,1;A06020,1;A08040,1;A06020,1;806020,1;A08040,1;C08040,2;A08020,2;C08040,2;A06020,4;A08040,1;C08040,1;C0A040,3;E0A060,1;C08040,1;A08040,1;804020,1;A06020,1;A06040,1;A08040,1;C08040,2;A08040,1;C08040,2;C0A060,1;E0C060,2;C0A060,3;C08040,1;C0A040,1;E0A060,1;E0A040,1;C0A040,1;E0A060,3;C0A060,3;E0A060,1;C0A060,1;E0A060,1;C0A060,1;C08060,1;A08040,2;A08060,4;808060,2;606060,2;806060,2;808060,2;608060,1;808060,1;808080,1;406060,1;202040,46;202020,36
A06040,1;A06020,1;A06040,2;806020,1;604020,1;806040,1;A08060,1;806020,1;806040,1;604020,1;C08040,3;A08040,2;806020,1;806040,4;806020,1;A08040,1;C0A040,1;C08040,2;A06020,1;C08040,2;C0A060,1;C08040,1;A08040,1;806040,1;A06040,2;A06020,1;804020,1;806020,1;A06040,3;C0A060,1;C08040,1;C08060,2;A08040,1;C0A060,1;C08040,1;E0A060,1;A08040,1;C08060,1;E0A060,1;E0C080,1;C0A060,1;C08060,2;C0A060,1;C08060,1;806040,1;404040,1;202040,61;202020,39
806040,1;806020,2;804020,1;806020,2;806040,1;A06040,2;806040,1;604020,1;806020,1;A06020,1;A08040,1;C08040,1;A06020,1;A06040,1;806020,1;A06020,1;804020,1;806040,1;806020,1;C08040,2;A06020,2;A08040,2;C08040,1;C0A060,1;E0A060,1;C08040,1;A06020,1;C08040,2;A06040,1;804020,1;A06040,1;C08040,1;804020,2;A06020,1;C08040,1;C0A060,1;A08040,1;604020,1;606040,1;604020,1;604040,2;A08060,1;A06040,1;806040,1;604040,1;402040,1;404040,1;604040,1;404040,1;202040,58;202020,44
804020,1;806020,1;806040,1;804020,1;806020,1;604020,1;A06040,1;806040,1;A06020,1;806040,1;604020,1;804020,1;806020,1;A06020,4;806020,1;A06020,1;A06040,1;806020,2;A08040,1;A06040,1;A06020,1;A08040,1;A06040,2;806020,1;C08040,1;C0A040,1;C08040,1;A06020,1;C08040,2;A06040,1;806040,1;A08040,1;806040,2;804020,1;604020,1;604040,2;402040,1;202040,5;404040,2;402040,1;202040,57;202020,33;002020,1;202020,16
806040,1;806020,1;604020,3;804020,1;C0A040,1;C08040,2;806020,1;604020,2;804020,1;A08040,1;C08040,1;A08040,2;A06020,2;A08040,2;A06040,1;A08040,2;A06040,1;A08040,1;804020,1;604040,1;804040,1;806020,1;C0A060,1;C0A040,1;A06020,1;C08040,1;806020,1;806040,3;604040,1;404020,1;604040,1;402020,1;202020,10;202040,58;202020,30;002020,2;202020,3;002020,4;202020,1;002020,10
604020,1;806020,1;604020,3;806040,1;C0A040,2;A08040,1;806020,2;804020,2;A06020,1;A08040,1;806020,2;A06040,1;A06020,2;A06040,1;806020,1;804020,1;806020,1;A06040,1;806020,1;604020,1;402020,1;404020,2;806040,1;604040,1;604020,1;A06040,1;604020,2;402020,1;202020,16;202040,3;202020,1;202040,48;202020,29;002020,1;202020,4;002020,14;000020,4;002020,3
404020,2;402020,1;606040,1;806020,1;A08040,2;A06040,1;806020,1;804020,1;604020,1;806020,3;604020,2;402000,1;604020,2;806020,1;804020,2;604020,1;804020,1;806040,1;804020,1;806040,1;202020,3;402020,1;202020,2;604040,1;606040,1;404020,1;202020,25;202040,35;202020,33;002020,23;000020,8
402020,2;404020,1;604020,6;404020,1;604020,1;806040,1;806020,1;604020,1;402020,1;404020,1;402020,2;404020,2;604020,1;404020,1;604020,1;404020,1;606040,1;604020,2;202020,47;202040,2;202020,43;002020,31;000020,10
404020,1;202020,1;402020,3;404020,1;402020,1;404020,1;402020,3;404020,1;604020,1;404020,2;402020,1;202020,4;402020,1;202020,2;200020,1;402020,1;404020,2;202020,3;002020,3;202020,5;002020,6;202020,8;002020,4;202020,45;002020,1;202020,1;002020,11;202020,1;002020,23;000020,7;002020,2;000020,13
202000,1;202020,3;202000,1;404020,2;402020,1;202020,4;404020,1;402020,1;404020,1;202020,7;000020,1;002020,1;202020,2;404020,1;202020,1;002020,44;202020,4;002020,4;202020,4;002020,53;000020,23
202020,1;202000,1;202020,3;402020,1;202020,8;402020,1;202020,3;002020,2;000020,5;202020,1;402020,1;202020,1;000020,1;002020,99;000020,1;002020,1;000020,28;000000,2
202020,4;200000,1;202020,3;202000,1;202020,5;000000,1;202020,3;000020,21;002020,83;000020,30;000000,8
000000,6;000020,1;002020,1;202020,3;000020,32;002020,3;000020,4;002020,61;000020,2;002020,1;000020,4;002020,1;000020,1;002020,1;000020,28;000000,11
000000,4;000020,30;002020,92;000020,32;000000,2
000000,2;000020,30;002020,97;000020,30;000000,1
000020,29;002020,5;000020,1;002020,96;000020,29
000020,28;002020,105;000020,27
000020,25;002020,55;002040,1;002020,54;000020,25
000020,23;002020,43;002040,30;002020,40;000020,24
000020,22;002020,38;002040,40;002020,38;000020,22
000020,21;002020,34;002040,51;002020,33;000020,21
000020,20;002020,31;002040,20;202040,1;002040,36;002020,33;000020,19
000020,18;002020,31;002040,24;202040,1;002040,38;002020,30;000020,18
000020,19;002020,27;002040,20;202040,28;002040,20;002020,29;000020,17
000020,16;002020,27;002040,21;202040,36;002040,16;002020,28;000020,16
000020,14;002020,27;002040,7;202040,2;002040,2;202040,4;002040,1;202040,1;002040,1;202040,43;002040,5;202040,1;002040,2;202040,1;002040,1;202040,2;002040,5;002020,27;000020,14
000020,4;002020,4;000020,3;002020,28;002040,4;202040,1;002040,2;202040,68;002040,1;202040,1;002040,5;002020,1;202040,1;002020,24;000020,6;002020,3;000020,4
000020,4;002020,32;202040,3;002040,3;202040,78;002040,1;202040,1;002040,2;002020,33;000020,3
000020,3;002020,29;202020,1;002020,1;202020,2;202040,2;002040,3;202040,33;202060,1;202040,5;202060,8;202040,34;002040,2;202040,1;202020,6;002020,27;000020,2
000020,1;002020,24;202020,1;002020,2;202020,8;202040,32;202060,22;202040,1;202060,2;202040,30;002040,1;202020,8;002020,1;202020,1;002020,25;000020,1
002020,19;202020,1;002020,3;202020,3;002020,2;202020,7;202040,28;202060,33;202040,31;202020,9;002020,24
002020,11;202020,1;002020,5;202020,2;002020,1;202020,12;202040,31;202060,7;204060,1;202060,1;204060,18;202060,6;202040,2;202060,1;202040,30;202020,10;002020,1;202020,1;002020,1;202020,1;002020,3;202020,2;002020,12
002020,10;202020,1;002020,2;202020,2;002020,1;202020,3;002020,1;202020,11;202040,28;202060,8;204060,27;202060,7;202040,30;202020,14;002020,1;202020,5;002020,9
002020,1;202020,2;002020,6;202020,2;002020,1;202020,6;202040,1;202020,9;202040,1;202020,1;202040,27;202060,6;204060,34;202060,1;204060,1;202060,7;202040,26;202020,13;002020,1;202020,5;002020,9
404040,1;202020,20;202040,1;202020,6;202040,4;404040,1;202040,21;202060,6;204060,40;202060,5;202040,27;202020,20;002020,8
404040,1;402020,1;404020,1;202020,6;204040,1;202020,9;202040,1;202020,1;202040,1;202020,6;202040,3;404040,1;202040,22;202060,4;204060,44;202060,5;202040,25;202020,22;002020,6
404020,1;402020,1;404020,3;202020,3;404040,1;202020,5;404040,1;202020,4;202040,1;202020,1;202040,1;202020,7;204040,1;202040,2;404040,1;204040,1;202040,19;202060,4;204060,46;202060,4;202040,25;202020,22;002020,3;202020,1;002020,2
404020,1;606040,1;404040,2;202020,1;402020,1;202020,1;402020,1;404040,1;404020,1;202020,5;402040,1;204040,1;202020,1;404040,2;202020,2;202040,8;404040,4;204040,1;202040,17;202060,3;204060,49;202060,4;202040,24;202020,22;002020,2;202020,4
404020,2;402020,2;202020,1;404040,1;202020,1;402020,2;202020,3;404040,1;202020,1;404040,4;202020,1;202040,1;404040,2;202020,1;202040,1;202020,1;202040,1;404040,2;202040,2;404040,1;402040,1;404040,1;604040,1;204040,1;202040,17;202060,3;204060,50;202060,3;202040,25;202020,27
606040,1;404020,1;604040,1;202020,4;404040,1;402020,2;404040,1;202020,1;404040,1;606040,1;404040,1;604040,1;402020,1;202020,1;402040,1;404040,3;402020,1;404040,1;402040,1;404040,4;604040,1;404040,2;606040,1;404040,1;202040,18;202060,2;204060,51;202060,3;202040,25;202020,27
604020,1;404020,1;604040,1;402020,3;404040,1;402020,1;202020,1;402040,1;404040,1;402020,1;606040,1;604020,1;404020,2;604040,2;404020,1;606040,1;404020,1;404040,5;402040,1;404040,1;604040,1;806060,1;606040,1;604040,1;606040,1;606060,1;204040,1;202040,4;404040,1;204040,1;202040,11;204060,53;202060,3;202040,26;202020,26
404020,1;604040,1;402020,1;604040,1;404020,1;404040,1;402020,1;404040,1;202020,1;404020,2;604020,1;806040,1;604040,2;606040,1;604020,1;604040,2;604020,1;606040,1;604040,3;404020,1;404040,1;402020,1;604040,1;606040,1;806040,2;604040,1;806040,1;404040,1;202040,4;404040,1;606060,1;404040,1;202040,9;204040,2;204060,54;202060,2;202040,25;202020,27
404020,1;806040,1;404020,1;402020,1;404040,1;404020,1;404040,1;402020,1;404020,2;604020,1;806040,2;604020,2;806040,1;804020,1;806040,4;604040,1;806040,1;604020,1;404040,2;404020,1;604040,3;606040,1;806040,2;404040,1;202040,3;404040,1;604040,3;404040,2;202040,7;204040,1;204060,55;202060,2;202040,27;202020,25
604040,1;604020,1;402020,2;604040,1;404020,3;808060,1;806040,1;604020,1;806040,1;A08040,1;806040,1;604020,1;806040,4;A06040,1;806040,1;A06040,1;806040,1;604040,3;606040,1;404020,1;606040,1;806040,4;404040,3;604040,2;A08060,3;806040,1;604040,1;202040,6;204040,4;204060,53;202040,29;202020,25
604040,1;402020,1;404020,1;404040,2;402020,1;404020,1;604020,1;806040,1;A08040,2;C0A060,1;C0A040,1;C0A060,1;A08040,1;806020,1;806040,1;A06040,1;A08040,2;A06040,1;806040,1;604020,1;806040,3;604020,1;806040,4;A08040,1;806040,1;604040,1;606040,2;806040,2;A08060,2;806040,1;806060,2;404040,5;202040,2;204060,1;606060,1;808080,1;606060,1;204040,2;204060,49;204040,1;202040,27;202020,1;202040,2;202020,24
402020,1;604040,2;402020,1;202020,1;402020,2;806040,1;806020,1;C08040,1;A08040,1;C0A060,2;C08040,1;A08040,2;A06040,1;A08040,1;A06020,1;C08040,1;A06040,1;604020,1;604040,1;806040,1;604020,1;A06040,2;806040,2;A06040,1;A08040,1;806040,3;A08040,1;A08060,1;C08060,1;C0A060,1;A08040,1;A08060,1;806040,1;806060,1;806040,1;604040,1;604060,1;606040,1;806060,1;A08060,1;806060,1;604040,1;404040,1;A08060,1;C0C080,2;606060,1;604060,1;404060,2;404040,1;204060,46;204040,1;202040,27;202020,27
806040,2;404020,2;402020,1;404020,1;806040,1;A06040,1;604020,1;A08040,1;806020,1;A06040,1;C08040,1;C0A060,2;C08040,1;A06040,3;A06020,1;804040,1;604040,1;806020,1;806040,2;A08040,1;A06040,1;A08040,1;806040,1;A06040,1;A08040,2;C08060,1;A08040,2;C08040,1;E0A060,1;E0C060,1;C0A060,1;A08040,1;806040,1;604040,1;806040,1;604040,1;606040,1;604040,1;806040,1;A08040,1;C08040,1;C08060,1;A08060,1;C0A080,1;E0C080,2;C0A080,1;A08040,1;C08060,1;A08060,1;A06060,1;808060,1;404060,1;204060,41;204040,2;202040,29;202020,27
806040,2;604020,2;606040,1;604040,1;606040,1;604020,1;806040,3;A08040,2;C08040,2;A08040,3;A06040,1;806040,1;804020,2;806040,2;A08040,1;806020,1;804020,1;806040,1;A06040,1;A08040,2;C08060,1;A06040,1;806040,1;A08040,1;C0A060,2;C08040,1;C0A060,1;A06040,1;604040,1;606040,1;806060,1;604040,1;804040,1;806040,1;A08060,1;C08040,1;C08060,1;E0A060,1;C0A060,1;E0A080,1;E0C060,1;E0C080,2;C08040,3;A06040,1;A08060,1;A06040,1;A08080,1;606060,1;204060,38;202040,1;204040,2;202040,29;202020,27
A08040,1;806040,1;806020,1;604040,1;604020,2;606040,2;604020,2;806040,1;A08040,2;C08040,4;806020,2;806040,1;806020,1;A06040,1;A08040,1;A06020,1;C08040,1;A06040,1;A08040,1;A06040,1;C08040,1;C0A060,2;A08040,2;806040,2;804020,1;A08040,1;A08060,1;C0A060,1;C0A080,1;806040,4;A06060,1;806040,1;A08040,1;C08040,4;E0A060,3;E0C080,1;E0A060,2;C0A060,1;C08060,1;A06040,1;C08060,1;C0A060,1;E0A060,1;C08060,1;A08060,1;606060,1;204060,5;404060,1;806060,1;A08060,1;C0A060,1;A08060,1;604060,1;204060,18;204040,4;202040,1;204040,2;202040,30;202020,28
806020,1;A06040,1;604020,3;604040,1;604020,2;A08060,1;806040,2;A06020,1;A06040,1;A06020,1;C08040,2;A06040,1;804020,3;A06040,2;A08040,1;C08040,5;E0A060,1;C08040,3;A08040,1;604040,1;606040,1;806040,1;A08040,2;C0A060,5;C08060,1;A08040,1;A06040,1;A08040,1;C08040,3;C0A060,1;C08060,2;C08040,1;E0A060,4;C08060,1;A06040,2;C08040,1;E0A060,1;C08040,1;A08060,1;C0A080,1;606040,1;404040,2;606060,1;806060,1;C0A080,1;C0A060,2;C08060,1;A06020,1;A08060,2;404040,1;404060,3;204060,3;204040,2;204060,2;204040,1;204060,2;204040,4;202040,32;202020,32
C08040,1;A08020,1;A08040,2;604020,1;806040,2;604020,2;A06040,2;A06020,1;A08040,1;A06020,4;806040,1;804020,1;806040,1;A08040,1;A06040,1;A08040,1;C08040,1;E0C060,1;E0A060,2;C0A040,1;C08040,1;A06020,1;C08040,2;C08060,1;806040,2;C0A060,1;E0A060,1;C0A060,1;E0A060,1;E0C060,1;E0C080,1;C0A040,1;C08040,2;A08040,1;C08040,4;C0A060,1;C08040,2;A06040,1;C08040,1;A06040,2;C0A060,1;C08060,1;C08040,1;C08060,1;C08040,1;C0A060,2;C08060,1;C0A060,1;E0A080,1;C0A080,1;A08060,2;A0A060,1;C0A060,1;E0A080,1;C0A060,1;E0A060,1;C0A060,2;E0C080,1;C0A060,1;A06040,1;806040,1;A08060,1;C0A080,1;C0A060,1;A08060,3;808060,2;A08080,1;808080,1;806060,3;808060,2;806060,1;606060,1;404060,1;202040,26;202020,36
806020,2;604020,4;404020,2;806040,1;604020,1;806040,1;806020,1;A06020,1;A06040,1;A08040,3;604020,2;804020,1;806020,1;806040,1;A08040,1;A06040,1;C08040,1;806020,1;A08040,2;C08040,1;A08040,1;C08040,1;A08040,1;A06040,1;806040,3;A08040,1;A06040,1;C08060,1;C0A060,1;C08060,1;C08040,1;C0A060,1;C08060,2;A08040,1;A06040,1;A08040,1;A06040,1;A08040,1;C0A060,1;C08040,1;A08040,2;C0A060,1;C08060,1;C0A060,2;A08040,1;A06040,2;C08040,1;C0A060,1;C08040,1;C08060,1;806060,1;404040,1;202040,3;404040,1;806060,1;C0A080,1;C0A060,2;A06040,1;806040,1;604040,1;204040,5;202040,38;202020,39
806040,1;806020,1;604020,1;404020,1;604020,1;604040,1;604020,4;A06040,1;A08040,1;A08020,1;C08040,1;A08020,1;C08040,2;A08040,1;806020,1;806040,1;804020,1;806040,1;A06040,1;806020,1;A08040,1;806020,1;A06040,1;806020,1;C08040,4;A08040,1;806020,1;A08040,2;C08040,2;C0A060,2;806040,5;A06040,1;A08040,2;A06040,1;C08040,1;C0A060,4;E0A060,1;C08060,1;C0A060,1;C08040,1;A06040,1;806040,1;A06040,1;C08060,2;606040,1;404040,1;202040,7;604040,1;806060,1;806040,2;204040,1;202040,39;202020,44
806020,1;806040,1;604020,1;404020,1;604020,2;806040,1;604020,3;804020,1;A06040,1;C08040,4;A08040,2;A06020,1;806020,1;804020,2;806040,1;A06040,2;804020,1;806020,1;806040,1;806020,1;A06040,1;A08040,1;C08040,1;A08040,1;A06040,1;C08060,1;C08040,1;C0A040,2;C08040,1;A08040,1;806040,1;804040,1;A06040,1;604020,1;806040,2;A06040,2;C08040,2;C0A060,2;E0A060,3;A06040,1;C08060,1;A06040,1;806040,1;A06040,1;806040,1;604040,1;202040,48;202020,33;002020,1;202020,16
604020,1;604040,1;604020,1;402020,2;604040,1;806040,1;604020,2;806020,3;C0A040,2;C08040,1;A08040,1;A06020,3;806020,3;604020,1;806020,1;806040,1;806020,1;A08040,1;A06040,1;806040,1;806020,1;A06040,2;A08040,1;A06040,2;C08040,1;C0A060,1;C0A040,1;C08040,1;A08040,1;804040,1;604040,1;806040,1;604020,1;806040,1;604020,1;A06040,1;A08040,1;A06040,3;C08060,1;E0A060,2;C08040,1;806040,2;804040,1;404040,2;202040,50;202020,30;002020,2;202020,3;002020,4;202020,1;002020,10
604020,2;404020,1;402020,1;202020,1;402020,1;604020,2;806020,1;806040,1;A06020,1;A08040,1;C08040,1;A08040,1;A06020,1;806020,1;A06040,1;A06020,1;806020,1;A06040,1;806020,2;604020,1;806040,1;604020,1;804020,1;806040,1;604020,1;806040,1;604020,1;806040,1;804040,1;804020,2;806020,1;A08040,1;C08040,1;A08040,3;806040,1;604040,1;606040,1;402020,1;604040,2;806040,1;804040,1;806040,1;404020,1;604040,1;A08040,1;C0A060,2;604040,1;402040,1;202020,1;202040,48;202020,29;002020,1;202020,4;002020,14;000020,4;002020,3
402020,1;404020,1;604020,1;402020,1;404020,1;402020,1;604040,1;604020,1;806020,2;A08040,1;C08040,1;A08040,2;806020,1;604020,1;806040,1;806020,2;A06040,1;806020,2;604020,2;806040,1;604020,6;604040,1;402020,2;604040,3;806040,1;A06040,1;806040,2;606040,1;402020,1;202020,2;402020,1;404040,1;202020,4;604040,1;806040,1;604040,1;202020,6;202040,36;202020,33;002020,23;000020,8
604020,1;404020,1;402020,1;404020,1;402020,3;604020,1;A08040,1;604020,2;806040,2;604020,6;806020,1;604020,3;404020,1;604020,1;404020,1;604020,1;402020,1;604020,4;402020,1;202020,2;402020,2;604020,3;402020,1;604040,1;202020,24;202040,18;202020,29;002020,1;202020,5;002020,31;000020,10
604020,1;404020,1;202020,1;402020,1;404020,1;402020,5;404020,1;604020,7;402020,1;604020,4;402020,1;404020,1;402020,1;404020,2;604020,2;404020,1;604040,1;404020,1;202020,4;402020,2;404020,1;202020,59;002020,1;202020,1;002020,1;202020,1;002020,11;202020,1;002020,23;000020,7;002020,2;000020,13
402020,1;404020,2;202020,1;402020,1;404040,1;402020,2;202020,1;402020,2;604020,2;404020,1;402020,5;604020,1;402020,1;604020,1;404020,3;402020,3;604020,1;604040,1;404020,2;604020,1;202020,2;002020,1;202020,2;402020,1;404020,1;202020,2;002020,7;202020,5;002020,15;202020,1;002020,2;202020,16;002020,49;000020,23
404020,1;604020,1;202020,1;404020,1;202020,5;402020,2;404020,2;402020,3;202020,2;404020,1;402020,7;202020,1;404020,1;402020,1;404020,4;202020,1;002020,1;202020,7;002020,86;000020,1;002020,1;000020,27;000000,3
604020,1;404020,1;202020,1;202000,1;202020,5;402020,1;202020,1;402020,1;404020,1;402020,2;202020,9;402020,1;202020,1;200000,1;202020,3;402020,2;404020,1;202020,1;002020,1;000020,1;002020,86;000020,30;000000,8
604020,1;404020,1;202020,3;202000,1;402020,1;202020,6;402020,2;202020,14;404020,1;202000,1;202020,1;402020,1;202020,1;002020,2;000020,7;002020,3;000020,3;002020,63;000020,1;002020,1;000020,4;002020,1;000020,1;002020,1;000020,28;000000,11
000000,4;000020,30;002020,92;000020,32;000000,2
000020,31;002020,97;000020,31;000000,1
000020,29;002020,102;000020,29
000020,27;002020,106;000020,27
000020,25;002020,110;000020,25
000020,23;002020,43;002040,26;002020,2;002040,1;002020,41;000020,24
000020,22;002020,38;002040,41;002020,37;000020,22
000020,21;002020,33;002040,51;002020,35;000020,20
000020,20;002020,31;002040,58;002020,32;000020,19
000020,18;002020,31;002040,28;202040,3;002040,31;002020,31;000020,18
000020,19;002020,27;002040,22;202040,1;002040,1;202040,24;002040,20;002020,29;000020,17
000020,17;002020,27;002040,20;202040,1;002040,1;202040,32;002040,19;002020,27;000020,16
000020,12;002020,1;202020,1;002020,4;202020,1;002020,23;002040,2;202040,1;002040,3;202040,5;002040,1;202040,2;002040,3;202040,43;002040,8;202040,2;002040,6;002020,28;000020,14
000020,5;202020,2;002020,1;000020,3;002020,2;000020,1;002020,10;202020,1;002020,3;202020,2;002020,8;202040,1;002020,1;002040,2;202040,4;002040,2;202040,65;002040,2;202040,2;002040,4;202040,1;002020,25;000020,2;002020,1;000020,2;002020,4;000020,4
000020,3;002020,1;202020,1;002020,1;202020,1;002020,1;000020,1;002020,1;202020,3;002020,2;202020,1;002020,5;202020,1;002020,2;202020,2;002020,3;202020,2;002020,4;202040,2;202020,1;202040,2;002040,2;202040,2;002040,1;202040,76;002040,1;002020,1;202040,1;002020,2;202020,1;002020,26;000020,1;002020,1;000020,1;002020,1;000020,3
202020,3;002020,1;202020,4;000020,1;002020,1;202020,1;002020,1;202020,1;002020,9;202020,2;002020,1;202020,2;002020,1;202020,2;202040,1;002020,4;202020,2;202040,37;202060,5;202040,1;202060,8;202040,33;002040,2;202040,3;002020,2;202020,1;002020,28;000020,3
002020,1;202020,4;002020,1;202040,1;202020,2;002020,2;202020,4;002020,1;202020,1;002020,3;202020,2;002020,2;202020,3;202040,2;202020,1;202040,1;202020,1;002020,2;202040,2;204040,1;202040,31;202060,25;202040,31;202020,8;002020,1;202020,2;002020,24;000020,1
202020,8;202040,1;002020,1;202020,5;002020,1;202020,3;202040,1;002020,3;202040,1;202020,2;202040,1;202020,7;202040,30;202060,32;202040,31;202020,5;002020,1;202020,5;002020,22
404040,1;404020,1;202020,1;204020,1;202020,1;404040,2;202020,10;404040,1;202020,3;002020,1;202040,1;202020,6;202040,1;202020,1;202040,3;202020,1;204040,1;202040,2;404040,1;202040,24;202060,7;204060,21;202060,6;202040,1;202060,1;202040,29;202020,13;002020,1;202020,1;002020,3;202020,2;002020,12
202020,1;404020,1;202020,2;402020,1;404040,1;202020,15;202040,1;202020,1;202040,1;204040,1;202020,2;202040,8;204040,1;404040,3;204040,1;202040,1;204040,1;202040,14;202060,1;202040,3;202060,7;204060,28;202060,6;202040,31;202020,12;002020,2;202020,3;002020,11
202020,4;402020,2;202020,4;202040,1;202020,2;202040,1;202020,4;202040,1;402040,1;202020,1;202040,1;202020,1;404040,1;202020,2;202040,6;404040,2;404060,1;204040,1;404040,1;204040,1;202040,2;204040,1;404040,1;202040,15;202060,4;204060,1;202060,2;204060,33;202060,6;202040,28;202020,14;002020,1;202020,5;002020,9
404020,2;202020,3;604040,1;404020,1;402040,1;202020,1;404040,1;202020,2;404040,2;202020,3;204040,1;202040,3;202020,1;204040,1;202040,1;202020,1;202040,5;202020,1;202040,3;404040,2;202040,3;404040,3;202040,12;202060,8;204060,37;202060,7;202040,25;202020,21;002020,8
404040,2;404020,1;402020,2;202020,9;404040,1;202040,1;404040,1;202020,1;404040,1;202020,2;202040,1;202020,1;404040,1;202020,1;202040,2;402040,1;204040,1;404040,2;202040,1;404040,1;202040,1;404040,1;606060,1;404040,1;202040,1;404040,1;204040,1;404040,1;202040,1;204040,1;202040,10;202060,5;204060,44;202060,5;202040,23;202020,23;002020,7
404040,1;404020,1;404040,1;604040,1;402020,1;202020,7;404020,1;404040,1;402020,1;404040,3;404020,1;402020,1;402040,1;404040,6;402040,4;404040,2;604040,2;606060,1;604040,1;404040,4;202040,1;204040,1;202040,3;204060,1;202040,5;202060,5;204060,46;202060,5;202040,24;202020,22;002020,3;202020,1;002020,2
404040,1;606040,1;404040,1;604040,1;402020,1;404020,1;202020,4;404020,1;202020,1;404040,1;604040,1;606040,1;604040,1;404040,3;402020,1;202040,1;202020,1;404040,7;202020,1;404040,1;202040,1;404040,2;606060,1;404040,6;204040,1;202040,2;204040,2;404060,1;204040,1;202040,4;202060,4;204060,48;202060,4;202040,25;202020,22;002020,2;202020,3
402020,1;404020,1;606040,1;604020,1;402020,2;202020,2;202040,1;202020,2;404040,1;604040,4;806040,1;404040,2;402020,1;402040,1;202040,1;202020,1;604040,1;404040,3;402020,1;404040,5;604040,1;404040,2;604040,1;404040,2;202040,2;204040,1;202040,1;404060,1;404040,1;606060,1;404060,1;204040,1;202040,7;204060,50;202060,3;202040,25;202020,27
404040,1;604040,1;806040,1;606040,1;404020,1;202020,2;404040,1;202020,1;404020,1;202020,1;404040,1;604020,1;604040,1;806040,1;604040,1;806040,1;604040,1;404040,1;402020,1;404020,2;402020,1;604040,1;404040,5;604040,2;606040,1;604040,1;606040,1;606060,1;604040,1;404040,2;204040,1;202040,1;204040,1;202040,1;404040,1;806060,1;606060,3;404040,1;204040,1;202040,3;204040,1;808080,1;204060,51;202060,3;202040,25;202020,27
202020,1;404020,3;404040,1;202020,5;402020,1;606040,1;404040,1;606040,1;604040,2;404020,1;404040,5;604040,1;606040,1;604040,3;402040,1;404040,1;604040,3;404040,5;604040,1;404040,1;204040,1;404040,2;606060,1;806040,1;A08060,1;806060,1;606060,2;404060,1;204040,1;202040,1;204040,1;404060,1;806060,1;808060,1;806080,1;404060,1;204060,48;202060,3;202040,26;202020,26
404020,1;404040,1;402020,1;404020,1;402020,3;404020,1;404040,2;202020,1;604020,1;604040,1;806040,2;604040,2;404020,1;404040,2;604040,1;806040,1;606040,3;806040,1;604040,1;606040,2;404020,1;606040,1;604040,2;404040,4;604040,2;606060,1;404040,1;604040,1;606040,2;806060,1;808060,1;606040,1;808060,1;404060,1;204040,3;404040,1;A0A080,2;808060,1;606060,1;404060,1;204060,47;202060,3;202040,25;202020,27
402020,1;404020,1;606040,1;404020,1;202020,1;402020,2;606040,1;604040,1;402020,1;604040,1;806040,1;404020,2;806040,1;A08040,1;604020,1;806040,2;604020,1;606040,1;604020,1;806040,2;604040,7;404040,1;604040,2;606040,2;404040,2;604040,2;606060,1;604040,1;A08060,1;606040,1;806060,1;808060,1;806060,1;808060,1;404060,1;606060,1;204060,1;204040,1;404040,1;A08060,1;E0C080,1;C0A080,1;A08080,1;806060,1;606060,1;204060,3;404060,1;204060,43;202060,1;202040,28;202020,25
202020,1;404020,3;202020,1;402020,1;404020,2;402020,1;404020,1;604020,1;806040,2;806020,1;806040,1;604040,1;806040,1;604040,1;604020,1;806040,1;604020,1;806020,1;A06040,1;804020,1;806040,3;404040,1;806060,1;806040,1;604040,3;606040,2;404040,5;604040,1;606040,1;A08060,1;806060,1;606040,1;806060,1;604040,1;806060,1;606040,1;806060,1;404040,1;404060,1;604060,1;C0A080,1;E0C080,1;C0A080,2;C08080,1;806060,1;606060,3;404060,1;404040,1;204060,41;202040,1;202060,1;202040,28;202020,25
202020,1;404040,1;202020,2;404020,1;604040,1;404020,1;604040,1;806040,6;808040,1;604020,1;808060,1;604040,1;806040,1;604020,1;A06040,2;806040,1;804040,1;604040,1;806040,2;604040,1;606040,3;604040,2;606060,1;606040,1;604040,1;606040,1;604040,2;606040,1;604040,1;806040,1;606040,1;806040,1;806060,1;606040,1;606060,2;806060,1;606060,1;604040,1;606060,1;806040,1;C0A060,1;E0A080,2;E0C080,1;C0A080,1;C0A060,1;A08060,1;806040,1;806060,1;606060,1;404040,1;204060,9;404060,1;204060,1;404060,2;204060,3;404060,2;204060,23;202040,31;202020,24
202020,4;402020,1;806040,1;604020,1;606040,1;A08040,1;806040,3;806020,1;604020,1;806040,1;A08040,1;A08060,1;806040,1;A06040,1;806040,1;A08040,2;806040,1;604040,1;806040,5;606040,2;604040,1;404040,1;402020,1;404040,1;604040,1;806040,4;606040,1;806060,1;806040,1;806060,1;A08060,2;806040,1;808060,2;806060,1;A08060,2;C0A060,1;E0A060,2;E0C080,1;E0C060,2;E0C080,1;C08060,2;A08060,1;606040,1;404060,2;204060,5;404060,3;406060,1;808080,1;C0A080,1;A08060,1;806060,1;606060,1;404060,1;604060,1;404060,2;204060,22;202040,29;202020,26
202020,3;402020,1;404020,2;A08060,1;A06040,1;806040,4;A08040,3;C08040,2;A06040,3;806040,1;A06040,3;806040,2;A08060,1;A06040,1;A06060,1;604040,2;404040,2;404020,1;604040,1;806060,1;806040,4;A06040,1;A08060,1;A08040,1;A08060,3;806040,1;806060,2;A08060,2;C08060,1;C0A060,1;C08060,1;E0A060,1;E0C080,2;E0C060,1;E0C080,1;C0A060,2;A06040,1;808060,1;806060,2;404060,1;204060,3;404060,1;606060,2;604060,1;606060,1;A08060,1;C0A060,1;A08060,1;A06060,1;A08060,1;806060,2;606040,1;404060,1;204060,5;404060,2;204060,11;204040,1;202040,30;202020,28
404020,1;604040,1;404020,1;606040,1;404020,2;402020,2;404040,1;404020,1;806040,1;A08040,1;C0A040,1;C08040,4;A06020,1;A06040,1;806040,2;A06040,1;806020,1;C08060,1;806040,3;A08060,1;A08040,1;806040,2;606040,1;604040,1;808060,1;806040,1;808040,1;604040,1;806040,2;A06040,1;A08040,1;A08060,1;C0A060,1;C08060,1;A08060,1;806040,4;A08060,2;C08060,1;E0A060,1;C08040,1;E0A060,2;E0C060,2;E0A060,1;C0A060,2;A06040,1;A08060,2;808060,1;806060,1;404060,1;204060,2;404060,1;604060,1;606060,1;A08080,1;A08060,1;C0A080,1;C08060,3;A08060,1;A06060,1;A08060,2;404060,1;204060,3;404060,1;604040,1;A06040,1;A06060,1;808060,1;606060,1;404040,1;204060,3;204040,2;204060,1;204040,2;202040,31;202020,1;202040,1;202020,26
404020,1;806040,1;604040,1;404020,1;202020,1;404020,2;404040,3;604020,1;806040,1;A08040,2;A06040,1;A08040,1;C08040,1;A06020,1;806020,1;604020,1;806040,1;A06040,1;A06020,1;A06040,1;806040,2;804020,1;A08040,1;C0A060,1;A08040,1;A06040,1;604020,1;604040,2;404040,2;604040,1;606040,1;806040,2;C0A060,3;C08060,1;A08060,3;806060,1;A08060,3;C08040,2;E0A060,4;C0A040,1;C0A060,2;A08040,1;A08060,1;C08060,1;A08060,2;806060,1;604060,1;404060,1;404040,1;606060,1;806060,1;806040,1;806060,1;A08060,1;C0A080,1;E0A060,1;C08060,2;A06060,1;A08060,1;A06060,1;A06040,1;A06060,1;806060,1;606060,2;808060,1;C0A060,1;C08040,1;C08060,3;A08060,1;604040,1;606060,1;C0A080,1;806040,1;A08060,1;C0A060,1;604040,1;204060,1;204040,1;202040,30;202020,28
806040,2;604020,1;402020,1;202020,1;404020,1;606020,1;606040,1;402020,2;404020,1;604020,1;804020,1;A06040,2;C08040,2;A08040,1;806020,1;804020,1;806020,1;806040,1;806020,1;A08040,2;C08040,2;C06020,1;C08040,1;A08040,2;806040,2;604040,1;404040,1;604040,3;806040,1;C08060,1;C08040,1;C0A060,3;C08060,1;C0A060,1;A08060,1;A08040,2;C08060,1;A08040,1;C08040,9;C08060,1;A08060,1;C08060,1;C0A080,1;C08060,2;A06040,1;604040,1;606060,1;606040,1;808060,1;A08060,2;C0A080,1;C0A060,2;C08040,2;C08060,2;A06040,2;A08040,1;A08060,1;C0A060,2;E0A060,1;C0A060,1;E0A060,1;E0C080,1;C08060,1;A08060,1;C08060,1;C0A060,2;C08040,1;C0A060,1;E0C080,2;C0A060,1;808060,1;404040,2;202040,4;204040,2;202040,19;202020,32
A08040,3;604020,1;404020,2;606040,1;404020,3;604020,2;804020,1;806020,1;A06040,2;A06020,2;806040,1;806020,1;806040,1;A06040,1;A08040,1;C0A060,2;E0A060,1;A08020,1;C08040,2;C0A060,1;A06040,1;806040,5;A08040,2;C08060,1;A08040,2;C08040,3;C08060,1;C0A060,3;C08040,1;A06040,2;A06020,1;A06040,1;A08040,1;C08040,1;C08060,1;C08040,3;C08060,1;C08040,1;C08060,2;E0A060,1;E0C080,1;E0A060,1;C08060,1;A08060,3;C0A080,1;C08060,6;C0A060,2;E0A060,1;A08040,1;C0A060,2;E0A060,1;C0A060,7;C0A080,2;C0A060,2;C08040,3;C0A060,1;E0A060,1;C0A060,1;A08040,1;806060,2;808060,1;A08060,2;C08060,1;C0A060,1;A08060,1;806040,1;806060,1;806040,1;806060,1;808060,2;606060,3;404040,1;204040,1;202040,4;202020,35
604020,1;604040,1;404020,1;402020,2;404020,1;606040,1;604020,1;202020,2;402020,1;604020,2;806020,2;A06020,1;A06040,1;A08040,1;804020,1;604020,1;804020,1;806020,1;A06040,1;806040,2;804020,1;A06040,1;A06020,1;C08040,1;A08040,2;806040,2;604020,2;604040,1;604020,1;604040,1;806040,1;C08040,1;C0A060,2;E0A060,1;C0A060,1;C08040,1;C08060,1;C08040,1;A08040,1;C08040,2;A06040,2;C08060,1;A06040,1;A08040,1;C08040,3;C08060,1;A06040,3;A08060,1;C0A060,1;A08060,1;C08060,1;604040,1;404040,2;606040,1;806040,2;A08060,1;C0A060,1;E0A060,1;C0A060,1;A08040,1;C08060,1;A08060,2;A06040,1;804040,1;806040,2;A08060,1;C0A060,1;E0A060,1;C08060,2;E0A060,1;C08040,1;A08040,2;806040,1;A08060,1;A08040,1;C08060,1;E0A080,1;E0A060,1;A08060,1;404040,1;202040,6;404040,2;204040,1;202040,12;202020,38
604020,1;606040,1;604020,1;202020,2;404020,1;604020,1;404020,1;402020,1;404020,1;604020,1;806040,1;A08040,3;A06020,1;C08040,1;A06020,1;A06040,1;806040,3;806020,1;A06040,1;806040,1;804040,1;604020,1;806040,1;A06040,3;804040,1;604020,1;806040,2;604040,1;604020,1;A06040,1;A08040,2;C08040,1;C0A060,3;C08060,2;A08040,1;A08060,2;A08040,1;C08060,1;C08040,1;C08060,1;C08040,2;C0A060,1;C08040,2;C08060,2;A06040,2;A08060,2;A06060,1;806040,1;404040,2;204040,1;604040,1;806040,2;A08060,2;C0A060,1;C08060,1;A08040,1;C08060,1;A08040,1;A06040,1;806040,1;604040,1;806040,3;604040,2;806040,1;A06040,1;A08040,1;A06040,1;A08060,1;606040,1;204040,1;606060,1;C08060,1;806040,2;A08060,1;404040,1;202040,14;202020,46
404020,2;402020,1;404020,1;202020,1;402020,4;604020,1;806040,1;A08040,4;A08020,1;A08040,1;A06020,1;A06040,1;806020,1;A06040,3;A08040,1;806040,1;806020,1;806040,1;A08040,2;604020,1;806040,1;604040,3;806040,1;A06040,1;806040,2;806020,1;A08040,3;C08060,3;A08040,1;A06040,3;A08040,2;C08060,2;A08040,1;C08040,1;C0A060,1;E0A060,2;C0A060,1;C08040,1;A08060,1;806040,1;A08060,3;606040,1;402040,1;202040,2;404040,1;604040,2;806040,2;A08060,1;C08040,1;A06040,3;806040,3;404040,2;204040,1;202040,1;204040,1;404040,1;604040,3;404040,1;202040,3;404040,1;202040,1;404040,2;202040,16;202020,45
404020,1;402020,2;404020,2;604020,5;806040,1;806020,2;806040,1;A08040,3;806020,1;A06040,2;806020,1;806040,1;806020,1;806040,1;806020,2;806040,3;604040,2;604020,1;402020,2;604020,2;806040,3;A06040,2;806040,1;A06040,1;A08040,1;A06040,1;806040,3;A08040,1;A06040,1;A08040,1;C08060,1;C08040,1;A08040,1;C08040,1;C0A060,1;E0A060,3;C08040,1;A08040,1;806040,3;604040,1;404040,1;202040,3;402040,1;604040,4;A08060,1;C0A060,1;806040,1;A06040,1;806040,3;604040,1;402040,1;202040,27;202020,30;002020,2;202020,3;002020,4;202020,2;002020,9
202020,4;604020,1;806040,1;604020,1;806040,1;604020,2;806040,1;604020,1;806040,1;806020,1;A08040,2;806040,1;804020,1;806040,1;806020,2;A06040,1;804020,1;806040,2;604020,2;604040,1;806040,1;604040,2;404020,2;402020,1;404020,2;604040,1;604020,1;604040,1;606040,1;806040,1;804020,1;806040,7;806020,1;806040,1;A06040,1;A08040,1;C08040,2;E0A060,1;C0A060,1;C08040,1;C08060,1;A08040,1;A06040,1;806040,1;604040,1;404040,1;202040,6;204040,1;202020,1;404040,1;604040,1;606040,1;A08060,1;806040,1;606040,1;604040,2;404040,1;402040,1;202040,24;202020,28;002020,1;202020,1;002020,2;202020,2;002020,13;000020,5;002020,2
202020,1;402020,1;202020,2;604020,2;402020,1;604040,1;604020,4;806040,1;806020,1;604020,1;804040,1;806040,1;604020,1;804020,1;604020,1;806020,1;804020,2;604020,1;806040,1;604020,6;402020,2;404020,1;604040,1;404020,1;402020,1;404020,2;604040,2;606040,1;806040,1;604020,2;806040,1;604020,1;806040,2;606040,1;404020,1;604040,1;804040,1;A08040,1;C08040,1;C0A060,1;C08040,1;A06040,2;806040,2;604040,1;404020,1;202020,1;202040,30;202020,4;202040,2;202020,23;002020,1;202020,1;002020,2;202020,1;002020,4;202020,1;002020,18;000020,9
202020,1;404020,1;402020,1;202020,2;402020,2;604020,1;404020,1;604020,10;606020,1;604020,2;806040,1;604020,1;806020,1;806040,1;604020,1;404020,2;402020,2;604040,1;402020,1;404020,1;604020,1;402020,2;404020,3;604020,2;606040,1;604020,2;606040,1;604020,1;606040,1;604040,1;404040,1;202020,1;404020,1;604040,1;C08060,2;A08040,2;806040,1;604020,1;404020,1;402020,1;202020,11;202040,18;202020,20;002020,2;202020,6;002020,32;000020,10
402020,1;604020,2;202020,3;604040,1;402020,3;606040,1;404020,1;604020,2;806040,1;604020,1;404020,1;604020,5;806040,1;604020,5;402020,2;404020,5;402020,2;404020,2;604040,1;404020,1;604020,4;604040,1;604020,1;604040,1;402020,1;202020,3;402020,1;A08040,1;A08060,1;806040,2;604040,1;202040,1;202020,40;002020,1;202020,2;002020,1;202020,1;002020,34;000020,4;002020,5;000020,13
402020,1;404020,1;402020,1;202020,3;402020,1;404020,1;202020,2;404020,1;402020,1;604020,2;806040,1;604020,1;404020,2;402020,1;404020,1;604020,6;402020,1;404020,1;402020,1;404020,3;402020,1;202020,1;402020,4;404020,1;202020,1;402020,2;404020,1;604020,1;806040,1;404020,3;202020,4;402040,1;A08060,1;A06040,1;806040,1;604020,1;402020,1;202020,4;002020,1;202020,3;002020,5;202020,3;002020,2;202020,20;002020,41;000020,23
402020,4;202020,2;202000,1;202020,3;402020,2;604020,2;404020,3;402020,2;404020,1;202020,1;402020,1;604020,1;404020,4;202020,1;402020,2;404020,1;402020,5;202020,6;404040,1;404020,2;604040,1;202020,3;002020,1;202020,2;402020,1;806040,2;604020,1;202020,5;002020,70;000020,27;000000,2
404020,1;604020,2;404020,1;202000,1;202020,5;402020,2;404020,1;604020,1;402020,1;604040,1;402020,2;202000,1;202020,3;402020,5;202020,1;402020,1;404020,1;202020,1;402020,1;404020,1;202020,1;402020,1;202020,4;002020,1;202020,4;402020,2;202020,2;002020,2;202020,1;002020,1;402020,1;604040,1;404020,1;402020,1;202020,1;002020,1;202020,1;002020,65;000020,2;002020,1;000020,24;000000,1;000020,1;000000,7
604020,2;402020,1;202000,1;202020,1;202000,1;202020,4;402020,2;404020,4;202020,6;402020,5;202020,2;404020,1;202020,2;404020,2;202020,1;402020,2;202020,2;002020,4;202020,2;402020,1;202020,2;002020,4;202020,4;002020,56;000020,2;002020,5;000020,31;000000,10
000000,4;000020,30;002020,92;000020,32;000000,2
000020,31;002020,97;000020,31;000000,1
000020,29;002020,102;000020,29
000020,27;002020,106;000020,27
000020,22;002020,2;000020,1;002020,110;000020,25
000020,10;002020,2;000020,4;002020,1;000020,4;002020,24;202020,1;002020,20;002040,26;002020,2;002040,1;002020,41;000020,24
000020,14;002020,2;000020,8;002020,18;202040,1;002020,2;202040,2;002020,13;002040,41;002020,37;000020,22
000020,8;002020,1;202020,1;002020,1;202020,1;000020,5;002020,2;202020,1;002020,1;000020,3;002020,21;202040,2;002020,7;002040,51;002020,35;000020,20
000020,2;002020,1;000020,5;202020,2;002020,3;000020,4;202020,1;002020,3;000020,3;002020,13;202020,2;002020,6;202020,1;202040,1;002020,4;002040,58;002020,32;000020,19
202020,1;000020,1;002020,1;000020,1;202020,1;000020,2;002020,1;202020,1;002020,2;000020,1;002020,1;000020,4;002020,3;000020,1;002020,2;000020,1;002020,11;202020,1;002020,1;202020,1;002020,1;202040,1;202020,1;002020,1;202040,1;002020,1;202020,1;002020,4;002040,28;202040,3;002040,31;002020,31;000020,18
000020,1;202020,1;002020,1;000020,1;202020,1;000020,1;002020,1;000020,1;002020,1;202020,1;000020,1;002020,2;000020,3;202020,1;002020,6;000020,1;002020,1;202020,1;002020,4;202020,2;002020,1;202040,1;202020,1;202040,1;002020,1;202020,1;202040,1;002020,1;202040,1;002020,1;202020,1;002020,1;202040,3;002020,1;002040,20;202040,26;002040,20;002020,29;000020,17
202020,2;000020,2;202020,1;000020,1;002020,1;202020,4;000020,1;002020,2;202020,1;002020,5;202020,1;000020,1;002020,10;202020,3;002020,2;202020,1;202040,2;002020,2;202040,1;202020,1;202040,3;002040,1;202040,1;002040,15;202040,1;002040,1;202040,32;002040,19;002020,27;000020,16
000020,1;202020,4;202040,1;202020,5;002020,1;202020,2;002020,1;202020,1;002020,4;202020,1;002020,4;202020,1;002020,3;202020,1;002020,1;202020,3;202040,1;002020,1;202020,2;002020,2;204040,1;202040,7;002040,4;202040,4;002040,3;202040,43;002040,8;202040,2;002040,6;002020,28;000020,14
404040,1;202020,2;202040,1;202020,5;404020,2;202020,4;002020,2;202020,2;202040,1;202020,3;202040,1;002020,1;202020,3;002020,1;202020,1;202040,1;202020,1;202040,1;202020,2;202040,2;202020,1;204040,2;202040,73;002040,2;202040,2;002040,4;202040,1;002020,25;000020,2;002020,1;000020,2;002020,4;000020,4
202020,12;002020,1;202020,2;202040,1;002020,1;202020,2;202040,1;202020,3;002020,1;202020,4;202040,3;202020,1;202040,4;202020,1;202040,1;404040,1;204040,1;202040,5;204040,1;202040,75;002040,1;002020,1;202040,1;002020,2;202020,1;002020,26;000020,1;002020,1;000020,1;002020,1;000020,3
202020,9;402020,1;202020,8;002020,2;204020,1;002020,1;202020,4;202040,2;202020,2;202040,1;202020,1;202040,1;202020,1;202040,5;404040,1;202020,1;204040,2;202040,31;202060,5;202040,1;202060,8;202040,33;002040,2;202040,3;002020,2;202020,1;002020,28;000020,3
404040,1;404020,1;404040,1;202020,10;204040,1;204020,1;202040,1;202020,6;202040,4;204040,1;202020,2;202040,1;002020,1;202040,3;204040,1;202040,1;204040,1;404040,1;204040,2;202040,7;204040,1;404060,1;202040,1;204040,1;202040,17;202060,25;202040,31;202020,8;002020,1;202020,2;002020,24;000020,1
202020,3;402040,1;202020,5;402040,1;202020,1;202040,1;202020,1;404040,1;202020,2;404040,1;202020,3;404040,1;202020,1;202040,4;202020,2;202040,8;204040,1;404040,1;204040,1;404040,1;204040,3;202040,4;204040,2;202040,15;202060,32;202040,31;202020,5;002020,1;202020,5;002020,22
202020,2;404040,1;202020,4;204020,1;202020,9;204040,1;202040,2;202020,2;204040,1;202020,1;202040,3;204040,1;202040,2;204040,1;202040,5;404040,1;606060,1;404040,2;202040,2;204040,1;202040,1;204040,2;404040,1;202040,16;202060,7;204060,21;202060,6;202040,1;202060,1;202040,29;202020,13;002020,1;202020,1;002020,3;202020,2;002020,12
202020,3;404040,1;202020,1;404040,1;202020,1;404020,1;202040,2;202020,3;404040,1;202020,1;202040,1;404040,1;204020,1;202020,3;202040,8;204040,2;202040,4;404040,1;402040,1;404040,2;202040,3;404040,2;204040,1;202040,1;204060,1;204040,2;202040,1;204040,1;202040,2;204060,1;202040,2;202060,1;202040,3;202060,7;204060,28;202060,6;202040,31;202020,12;002020,2;202020,3;002020,11
202020,1;202040,1;202020,1;606040,1;202020,7;202040,1;202020,1;404040,2;202020,1;404020,1;202020,2;202040,7;204040,2;202040,1;204040,2;202040,1;404040,3;606060,2;204040,1;204060,1;202040,1;204040,1;404040,2;202040,2;204060,1;204040,1;202040,2;204040,1;404060,1;204040,1;204060,2;202060,1;204060,1;202040,1;204040,1;204060,2;202060,1;204060,1;202060,2;204060,33;202060,6;202040,28;202020,14;002020,1;202020,5;002020,9
404020,1;202020,1;404040,2;202020,3;404040,2;202020,4;404040,1;404020,1;604040,1;606040,1;202020,3;202040,4;204040,1;202040,2;204040,1;202040,1;404040,1;204040,1;202040,1;404040,3;606040,1;404040,2;202040,6;204060,2;204040,1;404060,1;204060,1;204040,2;202060,1;204060,3;202040,1;204060,1;202040,1;204060,1;202060,3;204060,37;202060,7;202040,25;202020,21;002020,8
204040,1;404040,1;402040,1;402020,1;202020,1;204040,1;202020,1;404020,1;202020,3;202040,1;404020,1;606040,1;604040,1;402020,1;404020,1;404040,2;402020,1;202040,1;404040,1;202040,1;202020,3;404040,2;202040,2;404040,2;202040,1;404040,1;604040,1;606040,1;404040,1;606040,1;204040,1;204060,1;202040,1;204040,1;202040,1;404060,1;204040,1;404040,1;404060,1;404040,1;606060,1;404060,2;204060,1;404060,1;204060,2;202040,1;202060,1;202040,1;202060,2;204060,42;202060,5;202040,23;202020,23;002020,7
404040,1;202020,1;404040,1;202020,1;202040,2;202020,1;606040,1;202020,1;404040,1;202020,2;402020,1;404020,1;604020,1;404040,1;404020,1;604040,1;404020,1;404040,3;202020,2;404040,1;202040,1;404040,2;604040,1;402040,1;404040,1;604040,1;404040,5;204060,1;202040,2;404040,1;204040,3;404060,1;204040,1;606060,1;404040,1;606040,1;404060,1;204060,1;404060,2;606060,2;404060,2;204040,1;202060,2;204060,43;202060,5;202040,24;202020,22;002020,3;202020,1;002020,2
202020,2;404040,1;404020,2;202020,2;402040,1;202020,2;404040,2;404020,1;606040,1;806040,1;604020,1;604040,1;402020,1;404040,1;606040,1;202040,1;404040,2;202020,1;404040,1;202020,1;404040,1;808060,1;604040,1;404040,1;606040,2;404040,4;202040,1;404060,1;204040,1;204060,1;204040,3;404040,1;204040,1;404040,2;606060,2;606040,1;604060,1;404040,1;204060,1;606080,1;606060,1;404060,1;204060,48;202060,4;202040,25;202020,22;002020,2;202020,3
402020,1;404040,1;402020,1;404040,1;806040,1;404040,2;202020,5;404040,1;806040,1;604020,1;604040,1;402020,1;404040,7;202040,1;404040,1;604040,1;606040,1;604040,2;404040,1;606040,1;404040,1;604040,1;404040,4;204040,2;204060,2;404060,1;404040,1;404060,1;604040,2;404060,1;404040,1;806060,1;808060,1;606060,3;404060,1;204060,50;202060,3;202040,25;202020,27
604040,1;202020,1;404020,2;402020,1;604040,1;202020,1;402040,1;202020,3;402020,1;404020,1;604040,1;404020,1;604040,1;402020,1;404040,5;402040,1;404040,2;604040,2;606040,3;404040,1;604040,2;402020,1;404040,3;606060,1;404040,2;204060,2;404040,2;606040,1;606060,1;806060,1;606060,1;404060,1;604040,1;604060,1;806060,1;A08060,2;606060,2;404060,7;204060,1;404060,2;204060,39;202060,3;202040,25;202020,27
402020,1;202020,1;404020,1;606040,2;202020,1;402020,1;404040,1;604040,1;202040,1;404040,2;402020,1;404040,1;604040,1;402020,1;404040,2;606040,1;404020,1;606040,1;604040,2;404040,3;604040,2;806040,1;404040,4;402040,1;404040,2;202040,1;404040,8;606060,1;806060,6;A08060,2;A0A080,1;A08060,3;A08080,1;806060,4;606060,3;404060,4;204060,35;202060,3;202040,26;202020,26
404020,1;202020,2;404040,1;806040,1;404040,2;604040,1;404020,1;202020,1;402020,2;404040,2;404020,1;402020,1;404020,2;806040,1;606040,1;604040,4;606040,1;604040,1;806040,1;A08060,1;806040,1;604040,3;404040,6;204040,1;606060,1;404040,2;404060,1;404040,1;404060,1;404040,1;606060,1;806060,2;808060,1;806040,1;A06060,1;A08060,2;C0A080,2;A08060,1;C0A080,2;A08060,2;A06060,1;A08080,1;A08060,2;806060,1;606060,1;604060,1;404060,4;204060,1;404060,2;406060,1;406080,1;404060,1;406060,1;404060,2;204060,1;404060,2;204060,2;404080,2;404060,1;204060,16;202060,3;202040,25;202020,27
202020,1;402040,1;202020,1;404020,4;402020,1;202020,1;402020,1;202020,1;402040,1;402020,1;404020,2;404040,1;402020,1;604040,1;806040,1;606040,2;604040,1;606040,1;604040,3;A08060,1;806040,1;404020,1;606040,1;604040,1;404040,1;604040,2;404040,2;604040,1;404040,1;204040,1;404040,1;204040,1;404040,4;606040,2;806060,1;808060,1;A08060,1;806060,2;A08060,2;C0A060,1;C0A080,2;C08060,1;C0C080,1;C0A080,4;A08060,1;C08060,1;806060,2;606060,1;404060,1;406060,1;404060,1;204060,1;404060,3;606080,1;406060,1;404060,4;406080,1;404060,5;606060,1;404060,1;406060,1;404060,2;204060,14;202060,1;202040,28;202020,25
202020,2;402020,1;202020,1;402020,1;404020,1;606040,1;404020,1;202020,1;402020,1;404040,2;404020,1;604040,1;606040,1;806040,1;606040,1;806040,3;604040,1;604020,1;604040,2;806040,3;604040,1;606040,1;404040,1;202020,1;402040,1;404040,1;402040,1;404040,4;204040,2;204060,1;202040,1;404040,1;806060,3;606060,1;806060,1;806040,1;A08060,1;806060,2;A0A080,1;A08060,2;C08060,1;C0A060,1;E0A080,1;E0C080,4;C0A080,1;C0A060,2;A06060,1;806060,1;606060,2;404060,5;606060,1;808060,1;606080,1;404060,7;606060,1;404060,1;606060,1;606080,1;806060,2;606060,1;404060,3;204060,6;404060,1;204060,4;202040,1;202060,1;202040,28;202020,25
202020,1;402020,1;202020,1;402020,1;202020,1;402020,1;604040,1;806040,1;606040,1;604040,1;604020,1;604040,6;806040,1;A08060,1;806040,1;604040,1;606040,1;604020,1;806040,4;604040,1;404020,1;404040,11;202040,1;404040,2;806060,1;606040,2;806060,2;A08060,2;C08060,1;A08060,1;C08060,2;C0A060,2;E0A060,1;E0C080,5;E0A080,1;C0A060,2;A08060,1;806060,1;606060,1;404060,4;606060,3;806060,1;606060,1;604060,1;606060,2;404060,1;606060,3;806060,1;606060,1;806060,1;808080,1;806060,5;606060,1;606080,1;404060,1;204060,2;404060,1;606060,1;806060,1;606060,1;204060,3;204040,1;202040,30;202020,24
202020,1;402020,1;202020,2;402020,1;404020,1;604040,1;604020,1;604040,1;806040,1;606040,1;404020,1;604020,1;806040,1;606040,1;804040,1;806040,1;A08040,1;806040,1;604020,1;806040,4;A08060,1;806040,2;604040,2;402020,2;402040,1;404020,1;404040,2;606040,1;404040,4;604060,1;606060,1;604040,1;606040,1;806040,2;806060,1;A08060,1;C08060,3;C08040,1;C0A060,1;C08040,1;E0A060,3;E0C080,7;C0A060,1;806040,1;A08060,1;606060,1;606080,1;604060,2;404060,2;606060,2;806060,2;808080,1;606060,3;806060,3;A08060,2;C08080,1;A08080,1;C08080,1;A08060,1;A06060,2;806060,3;604060,1;204060,1;404060,1;C08060,1;E0A080,1;C0A060,1;806060,1;204060,3;204040,1;202040,28;202020,26
404040,2;402020,2;202020,1;604040,2;402020,1;404020,1;606040,1;404020,1;606040,1;806040,4;A08060,1;A08040,1;806020,1;604020,1;806040,2;604020,1;A06040,1;806040,1;A06040,1;806040,1;604040,4;606040,1;604040,3;806040,1;604040,2;404040,1;604040,1;404040,1;606060,1;806060,2;806040,1;A06060,1;A08060,1;A08040,1;C08060,1;C0A060,2;C08060,1;C0A060,1;C08060,1;C0A060,2;E0A060,1;E0C080,3;E0C060,2;E0A060,2;C08060,1;A08060,2;806060,2;606060,1;404060,2;604060,1;606060,2;806060,1;A08060,1;A08080,1;808060,1;806060,2;808080,1;A08060,1;A08080,1;C0A080,2;A08060,1;C0A080,1;C08060,2;A08060,1;A06060,1;A08060,1;806060,1;A06060,1;806060,3;E0A080,1;E0C080,2;604040,1;204040,1;204060,1;202040,28;202020,28
202020,1;404040,1;202020,1;402020,2;604020,1;404020,1;402020,1;404020,1;806040,1;604020,1;604040,1;806020,1;806040,2;A06040,1;C08040,1;806040,1;604020,1;806040,1;A08060,1;806040,3;A08060,1;A06040,1;A08040,1;604040,1;806060,1;604040,1;806040,2;A08040,1;806040,2;606040,1;604040,2;404040,2;604040,2;606040,2;806040,2;A08060,1;C0A060,1;A08040,1;C08060,1;E0A060,1;C0A060,1;C08060,2;C08040,1;C0A060,1;E0A060,3;E0C080,1;E0A060,1;E0A080,1;C08060,2;A06060,1;A08060,2;806060,3;606060,2;A08060,8;806060,2;A06060,1;C08080,1;A08060,7;A06060,3;A08060,2;C08060,1;E0A080,1;E0A060,1;E0C080,1;C0A060,1;606060,1;404040,1;404060,1;202040,28;202020,1;202040,1;202020,26
402020,1;202020,1;402020,1;404020,2;402020,1;404040,1;606040,2;604020,1;402020,1;806040,3;A06040,2;C08040,1;A06040,2;A08040,1;806040,3;604020,1;806040,3;A08040,1;C08040,1;A06040,2;806040,3;604020,1;604040,1;404040,4;606040,1;806040,1;A08060,1;A06040,2;A08060,1;A08040,2;C08060,2;C08040,5;C08060,1;E0A060,3;C0A060,1;E0A060,1;C0A060,1;C08060,1;A06040,2;A06060,1;A08060,4;806060,1;606060,1;806060,1;A08060,1;C08060,2;C0A060,1;C08060,1;A06060,1;A08060,1;A06060,1;A08060,2;C08060,1;A08060,2;C08060,1;A08060,1;C08060,2;A08060,1;C08060,1;A08060,2;C08060,2;C0A060,1;E0C080,1;C0A060,1;E0C080,1;C08060,1;A06040,1;606040,1;604040,1;404040,2;604040,1;606060,1;806040,1;806060,1;806040,1;806060,1;A08060,1;806040,1;606040,4;604040,1;202040,15;202020,26
606020,1;404020,1;402020,1;404020,1;402020,1;202020,2;404020,1;402020,2;604040,1;806040,1;A08040,2;A06040,1;806040,1;A08040,1;C08040,2;A06020,1;A08040,3;A06040,1;A06020,1;A08040,1;C0A060,1;C08040,2;806040,1;604020,1;404020,1;606040,1;604040,1;404040,3;604040,1;606040,2;A06060,1;806040,3;A06040,1;A06060,1;806040,1;C08060,2;C08040,1;C08060,2;C08040,1;C0A060,1;C08060,1;E08060,1;E0A060,3;C0A060,3;C08060,1;C0A060,1;C08060,2;E0A060,2;C0A060,3;C08060,1;A08060,1;C08060,1;A08040,1;C0A080,1;C08060,1;C0A060,1;C08060,1;A08060,2;C08060,4;A08060,1;A06060,2;A08040,4;C08040,1;C08060,2;C0A060,1;E0A080,1;E0C080,1;E0A060,1;C0A060,1;C08040,1;C0A060,1;E0A060,1;C0A060,1;C08060,1;C0A060,4;C08060,1;E0A060,2;E0C060,1;E0A060,1;C0A060,1;C08040,1;A08040,1;A06040,1;C08040,1;806060,1;202040,8;202020,1;202040,7;202020,24
806040,1;604020,2;604040,1;404020,2;404040,2;402020,1;404020,2;604020,1;806020,1;A06020,1;A08040,2;C08040,1;C0A040,1;C08040,1;A08040,2;C08060,1;C08040,3;C0A040,1;C08040,1;C0A060,2;A08060,1;806040,7;A08060,1;A08040,1;806040,2;A06040,1;A08040,1;A08060,1;A08040,1;A08060,1;C0A060,2;C08060,1;C0A060,1;C08060,2;C0A060,1;E0A060,2;E0C080,1;E0A060,2;C08040,1;E0A060,2;C0A060,1;E0A060,3;C0A060,2;C0A040,1;E0A060,1;C0A060,1;E0A060,1;E0A080,1;C08060,1;C0A060,1;C08060,1;E0A080,1;E0A060,1;C0A060,2;E0C080,1;C0A060,2;E0A080,2;E0A060,1;C08060,4;C0A060,3;E0C080,4;E0A060,2;C08060,1;C08040,2;E0A060,2;C0A060,2;E0A060,3;C08040,1;E0A060,2;E0C060,1;C0A060,1;E0A060,3;C08040,1;C0A060,3;A08060,1;806040,2;606040,2;806040,2;A0A060,1;A08040,1;A08060,2;806040,1;606040,1;806040,2;606040,3;604040,1;404040,2;202040,1;202020,18
404020,1;402020,2;404040,1;202020,5;402020,1;604020,1;806060,1;A06040,1;A08040,1;806040,1;A06040,1;806020,1;A08040,3;A06040,2;A08040,1;804020,1;806020,1;806040,1;A08040,3;806040,2;606040,1;604040,1;604020,1;604040,1;404020,2;604040,2;606040,1;A06060,1;A06040,1;806040,1;A06040,1;806040,1;A06040,2;A08040,1;C08040,1;A08040,1;C08040,3;A08040,2;C08040,3;C08060,1;C0A060,1;C08060,2;A08060,1;C08060,1;A08040,3;C08060,3;A08060,2;A06060,1;C08060,1;A08060,1;C08060,3;A08040,3;A08060,1;A08040,1;A08060,2;A06040,2;A08060,2;A08040,1;806040,1;A08060,1;A06040,1;A08040,1;C08060,1;C0A060,4;C08060,1;C08040,2;A08060,1;806060,1;804040,1;A06060,1;A08060,3;A06040,1;C08060,1;C0A060,1;E0A060,1;C0A060,1;C08040,2;A06020,1;806020,1;A08040,1;606040,1;202040,5;202020,35
604020,1;402020,1;202020,5;606040,1;604040,1;402020,1;604020,1;806040,3;A06040,1;A08040,1;C08040,1;A06020,1;806020,1;A06040,1;806040,2;806020,2;806040,1;804020,1;806040,1;604020,1;806040,1;604020,2;804040,1;A06040,2;604020,1;606040,1;604040,2;404020,1;604040,1;806040,2;A08040,1;A06040,1;A08040,4;C08060,2;C08040,2;A08040,4;C08060,1;C08040,1;C0A060,1;C08060,2;A08040,2;A06040,1;806040,1;806060,1;806040,1;A08040,1;A08060,1;A08040,1;604040,1;806040,1;A08060,2;A06040,1;C08060,1;C0A060,1;A08040,1;A06040,1;A08060,1;806040,1;A06040,1;A08040,1;C08060,1;A08060,1;A06040,3;A08060,1;C08060,1;A08040,1;A06040,1;806040,1;A06040,1;C08060,4;A08040,1;E0A060,1;C08040,1;604040,1;404040,2;202040,2;404040,1;604040,4;606040,1;808040,1;806040,1;604040,2;606040,2;604040,1;202040,1;202020,40
202020,2;402020,3;604020,1;402020,1;604020,2;606040,1;402020,1;806020,2;806040,1;A06020,2;A08020,1;806040,1;804020,1;806040,1;806020,1;A06040,1;806040,1;806020,1;A06040,1;806040,1;806020,1;604020,2;402020,1;606040,1;604020,1;806040,1;604040,1;604020,1;806040,1;604040,1;404020,1;604040,3;806040,2;604020,1;806040,2;A08040,2;C08040,2;C0A060,1;A08040,4;C08040,3;C08060,1;C0A060,3;A08040,2;806040,2;A08040,1;806040,2;806060,1;604040,2;806040,3;A08060,1;A08040,1;A08060,1;A06040,1;806040,4;C08060,1;A08040,1;A06040,2;A08040,3;A06040,1;806040,3;806060,1;806040,1;A06040,1;C08060,1;C08040,1;C0A060,1;E0A060,1;604040,1;202040,7;402040,1;202040,2;402040,1;202040,5;202020,42
202020,1;402020,4;604020,1;402020,1;404020,1;604020,1;806040,1;604020,2;806020,1;806040,3;C08040,1;806020,1;806040,1;604020,1;806020,3;A08040,2;806040,1;806020,1;804040,1;604040,1;402020,1;604020,1;404020,2;402020,1;404020,2;402020,2;404040,2;404020,1;604040,2;806040,1;604020,1;806040,3;C08040,4;C08060,1;A08040,1;C08060,1;A08040,1;C08040,1;C0A060,1;E0A060,2;C08040,1;C08060,1;C0A060,1;C08040,1;A08040,1;806040,2;606040,2;604040,1;404040,2;604040,3;806040,2;A08060,1;806040,1;604040,1;806060,1;A08060,1;A06040,1;A08060,1;A06040,2;A08060,2;A06040,3;806040,1;604040,3;404040,2;604040,1;A08040,1;C08040,1;E0A080,1;604040,1;202040,14;202020,24;002020,2;202020,3;002020,4;202020,2;002020,9
402020,2;202020,2;404020,2;402020,1;604020,1;604040,1;806020,1;604020,3;806040,1;604020,1;806020,1;A06040,2;806040,1;604020,1;606020,1;806020,1;806040,3;604020,3;404020,1;402020,6;404040,1;202020,3;402040,1;402020,1;404040,1;404020,1;606040,1;604040,1;806040,3;A08040,6;C08060,1;C08040,2;C0A060,1;E0A060,2;C0A060,1;C08060,2;C08040,1;A08040,1;804040,1;806060,1;604020,1;604040,1;404040,2;402040,1;404040,3;606040,1;604040,2;404040,3;604040,3;806040,1;604040,1;806040,1;806060,1;806040,4;804040,1;604040,2;404040,1;202040,2;806040,1;A08040,2;806040,1;202040,6;202020,26;002020,1;202020,2;002020,1;202020,2;002020,13;000020,5;002020,2
402020,1;202020,4;402020,1;604020,2;404020,1;604020,1;402020,3;806040,2;604020,2;806020,2;604020,6;806040,1;604020,1;604040,1;402020,1;404020,1;202020,2;402020,4;202020,6;402020,1;604040,2;604020,1;806040,4;A06040,3;806040,1;A06040,1;A08040,2;C0A060,3;C08040,2;A08040,3;806040,1;606040,1;404040,1;402020,1;404040,2;202040,1;404040,3;604040,2;404040,1;402040,2;404040,3;604040,5;806040,1;604040,4;404040,2;202040,3;404040,1;604040,2;606040,1;202040,1;202020,22;002020,2;202020,1;002020,4;202020,1;002020,18;000020,9
202000,1;202020,2;202000,2;604020,1;404020,2;402020,1;404020,2;402020,2;604020,4;604040,1;806020,1;604020,8;402020,3;202020,2;404020,1;202020,10;404020,2;604040,2;806040,2;806020,1;806040,1;604020,1;A08040,1;806040,1;A06040,3;A08040,4;A08060,1;A08040,1;806040,2;604040,2;404040,3;202040,3;404040,2;806060,1;404040,1;402040,1;202020,1;202040,1;202020,1;404040,1;402040,2;404040,2;402020,1;404040,3;202040,10;202020,20;002020,29;000020,11
200000,1;202020,1;404020,1;202020,1;404020,1;402020,1;202000,1;202020,1;202000,1;402020,1;202020,3;604020,1;402020,1;604040,1;402020,1;604020,3;604040,1;402020,2;404020,1;604020,2;806040,1;404020,3;202020,2;404020,1;202020,1;402020,1;202020,1;402020,1;202020,2;402020,2;202020,1;402020,1;202020,2;404020,2;604040,1;806040,1;604020,2;806040,3;A08040,1;A06040,3;A08040,1;806040,6;404020,2;404040,1;402020,2;202020,1;202040,3;402040,1;604040,1;404040,3;402040,1;202020,1;404040,1;202040,4;202020,1;202040,6;202020,11;002020,34;000020,4;002020,6;000020,12
202020,3;404020,1;402020,3;202020,2;200000,1;202020,1;402020,2;604020,1;402020,3;404020,3;402020,1;404020,2;402020,2;604020,1;606020,1;606040,1;604020,1;402020,2;202020,2;402020,1;202020,2;402020,2;202020,1;402020,2;202020,1;402020,1;202020,1;402020,1;404020,2;606040,2;604040,2;606040,1;806040,2;A06040,1;806040,5;604020,1;604040,1;806040,1;604020,1;604040,1;404040,1;402020,2;202040,1;202020,2;202040,1;202020,2;404040,1;202020,5;202040,1;202020,1;202040,5;202020,1;202040,1;202020,10;002020,2;202020,1;002020,35;000020,23
202020,1;402020,1;404020,1;806040,1;402020,3;404020,1;202020,3;402020,2;404020,1;202020,1;402020,1;202000,1;404020,1;402020,1;604020,1;402020,1;202020,1;402020,2;404020,1;402020,1;404020,2;604020,1;404020,2;402020,2;202020,6;402020,1;202020,2;402020,1;202020,1;404020,4;402020,1;604040,1;404020,1;604020,1;604040,1;606040,1;806040,2;604040,1;806040,2;604020,2;404020,1;404040,2;402020,2;202020,9;002020,6;202020,8;002020,1;202020,1;002020,40;000020,27;000000,1;000020,1
202020,1;402020,1;604020,1;404020,1;402020,1;202020,1;402020,2;202000,2;202020,2;604020,1;402020,4;404020,1;402020,5;202020,1;402020,2;404020,3;402020,1;404020,1;402020,1;202020,5;404040,1;202020,4;402020,1;202020,1;402020,1;404040,1;402020,1;202020,2;604040,1;404020,1;402020,2;604040,2;806040,2;604020,2;402020,2;202020,5;002020,1;202020,1;002020,18;202020,1;002020,37;000020,2;002020,1;000020,25;000000,8
202020,1;402020,1;404020,1;604020,1;404020,1;202020,1;202000,1;200000,1;202020,2;202000,2;604020,1;404040,1;202020,4;402020,1;202020,6;402020,1;404020,1;604020,1;402020,2;404020,1;202020,5;404020,1;202020,9;402020,3;404020,1;402020,1;202020,2;404040,1;606040,1;604020,1;606040,1;604020,1;404020,1;202020,3;002020,50;000020,2;002020,5;000020,31;000000,10
000000,6;202020,1;000020,4;002020,2;000020,1;002020,2;000020,2;002020,1;000020,6;202020,1;000020,3;002020,1;000020,4;002020,18;202020,2;202040,1;002020,71;000020,32;000000,2
000020,10;202020,1;000020,1;002020,1;202020,3;000020,5;002020,2;202020,1;002020,2;000020,5;002020,97;000020,31;000000,1
000020,2;002020,1;000020,13;202020,1;002020,1;000020,2;002020,1;000020,1;002020,1;000020,8;002020,15;202020,1;202040,1;202020,1;002020,3;202040,1;202020,1;002020,77;000020,29
000020,4;002020,1;000020,2;002020,2;000020,4;002020,2;202020,1;002020,1;000020,3;202020,1;000020,4;202020,1;000020,1;002020,1;202020,1;002020,6;202020,1;002020,10;202040,1;202020,2;202040,2;202020,2;202040,1;002020,79;000020,27
000020,1;002020,2;000020,3;202020,1;002020,1;000020,4;002020,1;202020,1;002020,2;000020,9;002020,15;202020,1;002020,1;202020,3;002020,5;202040,1;002020,2;202040,1;002020,81;000020,25
000020,1;202020,1;002020,4;000020,1;002020,1;000020,1;202020,1;000020,1;002020,2;202020,2;000020,2;202020,1;000020,3;002020,3;000020,1;002020,1;202020,1;002020,5;202020,1;002020,5;202020,1;002020,1;202020,3;202040,1;204040,1;202040,1;202020,2;002020,3;202040,1;002020,1;202040,1;002020,12;002040,26;002020,2;002040,1;002020,41;000020,24
202020,2;000020,1;202020,3;002020,2;000020,1;202020,5;002020,1;202020,2;000020,5;202020,1;002020,5;202020,1;002020,9;202040,1;202020,3;002020,1;202020,2;202040,1;202020,1;204040,1;002020,5;202040,1;002020,1;202040,1;002020,4;002040,41;002020,37;000020,22
202020,1;002020,3;202020,3;002020,1;202020,4;002020,1;202020,1;002020,1;202020,1;002020,1;202020,1;000020,1;202020,1;000020,1;002020,1;000020,1;202020,2;002020,3;202020,1;002020,1;202040,1;002020,5;202020,1;002020,1;202020,1;002020,1;202040,1;202020,1;202040,2;202020,1;002020,2;202020,1;002020,3;202040,5;002040,49;002020,35;000020,20
202020,1;404040,1;002020,1;202020,4;002020,1;202020,1;000020,1;202020,4;000020,1;202020,2;002020,2;202020,1;002020,2;202040,1;002020,2;202020,1;002020,5;202020,1;002020,2;202020,1;002020,1;202040,1;202020,1;202040,4;202020,1;202040,1;204040,1;002020,1;202020,2;202040,1;002040,1;002020,1;002040,1;202040,2;002040,1;202040,3;002040,51;002020,32;000020,19
202020,5;002020,2;202020,2;000020,1;202020,1;002020,1;202020,2;202040,1;202020,2;002020,1;202040,1;202020,2;002020,6;202020,1;002020,1;202040,1;002020,1;202020,2;002020,1;202020,1;202040,1;202020,2;202040,1;202020,1;202040,1;204040,1;404040,1;402020,1;202020,1;202040,1;202020,2;202040,1;002040,1;202040,1;204040,2;202040,2;002040,7;202040,2;002040,13;202040,3;002040,31;002020,31;000020,18
202020,4;002020,1;202020,1;404040,1;202020,7;002020,1;202020,1;202040,1;202020,2;002020,3;202020,1;002020,1;202020,4;202040,1;202020,1;202040,1;202020,1;202040,1;002020,1;202020,1;202040,11;202020,1;204040,1;202040,2;002020,1;002040,1;202040,5;002040,11;202040,26;002040,20;002020,29;000020,17
202020,1;002020,1;202020,7;002020,1;202020,3;404040,1;202020,1;002020,2;202040,1;202020,2;002020,5;202020,1;002020,1;202040,1;202020,4;202040,1;202020,1;002020,1;202020,3;202040,1;204040,2;202040,4;002020,1;202040,3;204040,1;002040,2;202040,5;002040,6;202040,2;002040,1;202040,32;002040,19;002020,27;000020,16
002020,1;202020,7;002020,3;202020,5;202040,2;202020,2;002020,1;202020,3;204040,1;202020,1;202040,1;002020,1;202020,1;002020,1;202020,5;202040,1;202020,2;404040,1;202040,3;204040,2;202040,3;204040,1;202040,11;002040,1;202040,42;002040,8;202040,2;002040,6;002020,28;000020,14
202020,8;002020,1;202020,2;002020,1;202020,2;404040,1;202020,3;002020,1;202040,1;202020,2;202040,1;202020,4;202040,1;202020,4;202040,1;202020,1;202040,1;202020,1;204040,1;202040,2;404040,1;202040,1;202020,1;404040,2;202040,5;204040,1;202040,63;002040,2;202040,2;002040,4;202040,1;002020,25;000020,2;002020,1;000020,2;002020,4;000020,4
002020,1;202020,13;202040,1;202020,1;002020,1;202020,5;204040,1;202020,3;202040,1;202020,2;002020,1;202040,3;204040,1;202040,4;204040,1;404040,1;404060,1;202040,1;404040,1;202040,2;204040,1;202040,8;204040,2;202040,6;204060,2;202040,57;002040,1;002020,1;202040,1;002020,2;202020,1;002020,26;000020,1;002020,1;000020,1;002020,1;000020,3
202020,2;404020,1;404040,1;202020,2;202040,1;202020,2;202040,1;202020,3;404040,1;202020,7;202040,1;202020,3;202040,2;202020,1;204040,1;202020,1;202040,1;202020,3;204040,1;202040,1;202020,1;404040,3;202040,1;204040,1;404040,1;202040,2;404060,1;202040,3;204060,1;204040,1;202040,4;204060,1;202040,2;204060,1;204040,2;202040,1;204060,3;202040,9;202060,5;202040,1;202060,8;202040,33;002040,2;202040,3;002020,2;202020,1;002020,28;000020,3
202020,11;606040,1;404040,2;202040,2;202020,1;402040,1;202040,3;202020,1;404040,1;202020,2;202040,1;202020,1;202040,3;202020,1;202040,1;202020,1;202040,2;204040,1;202040,1;202020,1;202040,3;404040,1;202040,6;204060,1;202040,1;204040,1;202040,1;204040,1;202040,2;204040,1;404060,1;204060,1;404060,2;202040,1;204060,1;202040,2;202060,1;202040,3;202060,25;202040,31;202020,8;002020,1;202020,2;002020,24;000020,1
202020,1;002020,1;202020,8;202040,1;404040,1;202040,1;402020,1;604040,1;404040,1;404020,1;404040,1;202040,2;202020,2;202040,1;202020,1;202040,2;202020,1;202040,1;202020,1;202040,1;404040,2;204040,2;202040,3;204040,1;404040,3;404060,1;404040,1;204040,2;202040,2;204040,1;202040,1;204060,1;202040,4;404060,1;202040,1;404060,2;202040,1;204060,1;204040,1;204060,4;202060,2;202040,1;202060,28;202040,31;202020,5;002020,1;202020,5;002020,22
202020,10;202040,1;204040,1;404040,2;404020,1;202020,1;404040,1;402040,1;202040,1;404040,2;202020,2;202040,1;202020,2;202040,1;202020,1;202040,1;404040,4;202040,1;404040,2;404060,1;202040,1;404040,1;202040,1;404040,2;404060,1;204040,2;202040,2;204040,1;202040,1;204060,1;204040,1;404060,2;204040,1;404060,1;204060,1;406060,1;404060,3;204060,5;202060,5;204060,21;202060,6;202040,1;202060,1;202040,29;202020,13;002020,1;202020,1;002020,3;202020,2;002020,12
202020,2;404040,1;202020,2;404040,3;202020,4;404040,3;202020,1;604040,1;202020,1;404040,1;606040,1;404040,1;404020,1;402020,1;202020,1;202040,2;204040,1;202040,2;404040,1;606040,1;202020,1;404040,1;202020,1;404040,2;404060,1;202040,1;404040,1;202040,1;204040,1;404040,1;204040,1;202040,5;404040,1;404060,1;606060,1;404040,1;404060,1;404040,2;806060,1;606060,1;404040,1;404060,4;204060,3;202060,1;204060,29;202060,6;202040,31;202020,12;002020,2;202020,3;002020,11
202020,8;402020,1;202020,1;202040,1;404020,2;402040,1;404040,2;202020,1;606040,1;404040,1;606040,1;202020,1;202040,4;202020,2;204040,1;404040,3;404060,1;404040,1;202040,1;204040,1;404060,1;404040,1;204040,1;202040,1;404040,1;404060,1;404040,1;202040,3;204060,1;204040,1;404040,2;204060,3;404060,1;606060,1;406060,1;204060,1;404060,1;606060,1;606080,1;204060,1;404060,2;204060,2;404060,1;204060,32;202060,6;202040,28;202020,14;002020,1;202020,5;002020,9
202020,4;204020,1;404040,1;202020,1;402040,1;402020,1;404040,1;202020,1;402020,1;604040,1;404020,3;404040,1;402040,1;202040,1;402040,1;404040,1;204040,1;202040,2;202020,1;202040,3;404040,1;402020,1;404040,2;204040,2;404040,1;606060,1;204040,1;202040,3;204040,1;202040,4;204040,1;404060,1;202040,1;204060,1;204040,1;404060,1;204060,1;404060,1;406060,1;404060,2;204060,2;404060,6;204060,35;202060,7;202040,25;202020,21;002020,8
202020,4;404040,1;202020,1;402020,1;202020,2;404040,1;202020,1;404020,2;404040,3;606040,1;604040,1;404040,2;404020,1;404040,1;202020,1;202040,1;204040,1;202040,3;204040,2;404040,1;404060,1;404040,1;202040,1;404040,2;204060,1;202040,1;204040,1;202040,2;204060,1;204040,2;404060,1;204040,1;404060,2;606060,2;404040,1;606060,1;404040,1;606060,1;404060,1;204060,7;404060,1;204060,39;202060,5;202040,23;202020,23;002020,7
202020,1;402020,1;202020,4;404020,1;404040,1;202020,4;402020,1;404040,3;202020,1;404040,1;202020,1;402020,1;404040,2;404020,1;404040,2;202040,2;204040,2;404060,1;202040,1;404040,1;202040,1;404040,1;604040,1;404040,1;202040,4;204040,1;202040,1;204040,1;404040,1;204040,1;404060,2;606060,1;404040,1;606060,1;404060,1;606060,1;604060,1;604040,1;606060,1;604060,1;606060,1;404060,1;204060,3;404060,3;204060,1;404060,2;406080,1;404060,2;204060,1;404060,1;204060,31;202060,5;202040,24;202020,22;002020,3;202020,1;002020,2
202020,2;402040,1;202020,1;404040,3;604040,1;404040,1;402020,1;202020,1;402040,1;604040,1;404040,2;604040,1;404040,1;402040,1;404040,1;404020,1;606040,1;404040,3;204040,1;404040,3;604040,1;404040,1;604040,1;404040,2;402040,2;204040,1;404040,1;202040,1;204060,1;202040,1;204060,1;202040,2;404040,1;202040,1;406060,1;404060,3;806060,1;404060,1;606060,4;404060,2;204060,2;406060,1;808080,1;806060,1;606060,1;404060,2;406080,1;606080,2;406060,1;404060,2;406080,1;204060,31;202060,5;202040,25;202020,22;002020,2;202020,3
404040,1;202020,1;404040,1;202020,2;402040,1;404020,1;604040,1;404020,2;404040,1;402020,1;202020,2;404040,3;402020,1;404020,1;404040,4;202040,1;204040,1;202020,1;404040,3;606060,1;604040,1;404040,6;204040,2;202040,1;404060,1;204040,1;202040,1;204040,1;404060,1;204040,2;404040,2;606060,1;806060,1;606060,1;808060,1;806060,1;604060,1;404060,3;204060,3;404060,1;606060,2;404060,3;606060,3;404060,1;606080,1;806080,1;404060,3;406080,1;404060,1;204060,10;404060,1;406080,1;204060,1;404060,3;204060,1;404060,1;204060,9;202040,1;202060,2;202040,25;202020,27
404040,1;202020,2;404040,1;202020,1;404040,1;202020,1;404020,1;604040,1;402020,1;404040,1;402020,2;404020,1;604040,1;404040,1;402040,1;402020,1;404040,4;202020,1;404040,2;402040,2;404040,2;604040,1;606060,1;604040,1;404040,4;204040,1;202040,2;204060,1;404060,1;204040,1;202040,1;204040,1;202060,1;204060,1;204040,1;404040,1;404060,1;606060,1;808060,1;A08060,3;606060,1;604060,1;404060,3;606060,3;806060,1;A08060,1;A08080,1;A0A080,1;808060,2;606060,1;604060,1;606080,1;806060,1;A08080,1;606060,2;406060,1;404060,5;406080,1;204060,3;406060,4;404060,6;406060,1;404060,1;204060,5;404060,3;204060,2;202060,1;202040,25;202020,27
202020,4;404040,2;404020,1;604040,1;404020,1;202020,1;404040,2;202020,1;404040,1;402020,3;604040,3;402020,1;404040,1;606040,1;404040,1;604040,1;404020,1;404040,1;606060,1;404040,1;604040,3;404040,6;404060,1;204060,4;204040,5;404060,1;606060,1;806060,2;A08060,4;A08080,1;A08060,1;C0A080,2;A08080,1;C0A080,5;A08080,2;808080,1;808060,2;A08080,1;C08080,1;808080,1;406060,3;606060,1;404060,5;406080,1;404060,2;406060,2;404060,1;606060,2;404060,1;406060,3;606080,1;606060,1;404060,2;204060,1;404060,3;606060,3;204040,1;202060,1;202040,26;202020,26
202020,2;402020,1;202020,1;404040,1;604040,1;202020,1;402020,1;404040,3;202020,3;404040,2;404020,1;606040,1;604040,1;606040,1;604040,1;402020,1;404040,1;404020,1;404040,1;404020,1;404040,3;604040,2;606040,2;404040,1;202040,1;404040,2;204040,1;202040,1;204040,1;404060,2;204040,1;406060,1;606060,2;404040,1;606060,1;404040,1;806060,3;C0A080,2;A08060,1;A08080,1;C0A080,1;A08060,1;C0A080,1;C08060,1;C0A080,2;E0C080,2;C0A060,1;C0A080,1;A08080,2;A08060,1;C0A080,3;C08080,1;806060,1;606080,1;606060,1;406060,1;406080,1;406060,1;404060,6;606080,1;606060,1;606080,1;606060,7;806060,1;606060,1;404060,4;606060,1;806080,1;606060,1;806060,1;808080,1;404060,1;204040,1;202040,25;202020,27
404040,1;202020,4;404040,1;404020,1;404040,1;402020,1;202020,2;402020,1;202020,1;402040,1;404040,2;404020,1;604040,1;604020,1;806040,2;404040,1;404020,1;604040,1;606040,3;404040,2;606040,1;604040,1;606040,2;404040,2;202040,1;404040,1;202040,2;204040,1;404060,1;204060,2;404040,1;606040,1;404040,1;808060,1;A08060,1;806040,1;806060,1;A08060,3;C08060,1;A08060,1;A08080,1;C0A080,1;C0A060,1;E0C080,5;C0A060,3;C08060,1;C0A080,2;E0C080,1;C0A060,1;A08060,1;A06060,1;806060,1;404060,2;606060,2;406060,1;404060,4;606060,1;604060,1;606060,2;A08080,1;A08060,1;806060,1;606060,2;806060,1;808080,1;806060,2;606060,1;404060,3;806080,1;808060,1;A08080,2;A08060,2;406060,1;204040,1;202040,27;202020,25
202020,5;404020,1;604040,1;404020,1;202020,1;402020,1;404040,1;402020,1;404040,2;604040,1;404040,1;402020,1;606040,1;A08060,1;604040,1;604020,1;404020,1;604040,1;606040,2;604040,1;806040,1;604040,1;606040,1;604040,3;402040,1;404040,1;202040,4;404040,2;204040,3;404040,1;606060,2;806060,1;806040,1;806060,1;A06060,1;A08060,1;C0A060,1;C08060,1;C0A060,2;A08080,1;A08060,1;C08060,1;C0A080,2;E0C080,1;E0A080,1;E0C080,1;C0A060,1;E0A080,1;E0C080,1;C0A060,1;E0A080,1;C0A080,1;C0A060,1;C08060,1;A08060,1;806060,1;604060,1;606060,1;404060,1;606060,1;808080,1;606080,1;606060,3;604060,1;606060,2;806060,1;A08060,1;A08080,1;808060,1;806060,5;A08080,1;A08060,1;806060,2;606060,1;808080,1;A08080,1;A08060,2;A08080,1;C0A060,1;A08060,1;606060,1;404060,1;204060,1;202040,26;202020,25
202020,5;404040,1;404020,1;402020,4;404040,1;604040,2;404040,1;604040,1;404020,1;606040,1;806040,1;604040,1;806040,1;604040,1;606040,1;806040,2;604040,1;606040,1;806040,1;806060,1;606040,2;404020,1;404040,3;606060,1;404040,4;606060,1;604040,1;404040,1;604060,1;606040,1;808060,1;806040,2;A08060,1;806060,2;A08060,1;C0A060,1;C0A080,1;A08060,2;C08080,1;C08060,1;E0A080,2;E0C080,1;C0A060,1;E0A080,1;E0A060,1;E0A080,1;E0C080,2;C0A080,1;E0A080,1;E0C080,1;C0A080,1;A08060,1;806060,1;604060,1;606060,3;806060,1;808080,1;606060,1;806060,1;806080,1;604060,1;806060,2;A08080,1;C08080,1;A08060,3;806060,1;A08060,5;A08080,1;A08060,2;C0A080,2;C0A060,1;C08060,1;C0A080,1;C08060,1;A06040,1;A08060,1;404060,1;204040,2;404040,1;606040,1;606060,1;404060,1;202040,4;204040,1;202040,3;204040,1;202040,13;202020,24
202020,5;402020,1;404020,2;402020,1;404020,1;402020,1;404020,1;404040,1;604040,1;604020,1;606040,1;806040,2;604020,1;806040,1;606040,1;604020,1;606040,1;A08060,2;806040,2;604040,2;404040,3;604040,2;606060,1;606040,1;604040,1;606040,4;604040,1;806060,1;606040,1;806040,2;808040,1;806040,1;A08040,1;A08060,1;A08040,1;C08060,3;A08060,1;C08060,1;A08060,1;C0A080,2;E0A080,1;C0A060,1;E0A080,1;E0A060,1;C08060,1;E0A060,2;E0C080,2;C0A060,1;C08060,1;A08060,3;806060,1;606060,2;806060,2;A06060,1;806060,1;A08060,1;A08080,2;806060,2;808060,1;A08060,1;C08080,1;A08060,1;A08080,1;A08060,2;C08060,1;C0A080,7;C0A060,1;C08060,1;C0A060,1;C08060,3;A06060,1;604060,1;404060,1;604040,1;606060,1;A08060,1;606060,1;604060,1;404040,1;404060,2;404040,1;404060,3;404040,1;604060,1;202040,11;202020,26
202020,1;604040,1;402020,1;202020,2;404040,2;402020,1;404020,2;404040,1;404020,1;404040,1;808060,1;604040,1;806040,3;604020,1;806040,1;606040,1;604020,1;806040,4;A08060,1;806060,1;604040,1;404040,3;604040,1;806060,1;806040,2;604040,1;606040,2;806040,1;604040,1;808060,1;808040,1;806040,2;A08060,2;A08040,1;A08060,1;C08060,1;A08040,1;A08060,1;C08060,1;A08060,1;C08060,2;C0A060,1;C0A080,1;E0A080,2;E0A060,1;E0C080,1;E0A080,1;C08060,2;E0A080,1;C08060,4;A08060,1;C0A080,1;806060,4;A06060,2;A08060,3;808060,1;806060,1;808060,1;806060,2;A08060,3;C0A080,1;A08060,2;C08060,2;E0C080,3;C0A060,1;E0C080,1;E0A060,1;C0A060,2;C08060,1;C0A060,3;A06060,1;606060,2;806060,2;A08060,1;806040,1;604040,1;404040,7;606040,1;806040,1;202040,9;202020,28
404040,2;402020,1;202020,2;404020,1;402020,2;404040,1;402020,1;404040,2;404020,1;604020,1;806040,6;804020,1;806040,1;A08040,1;A08060,1;A08040,1;806040,2;A08040,1;606040,1;604040,1;806040,3;606040,1;806040,1;606040,2;604040,4;606040,1;A08060,1;806040,2;806060,1;806040,1;A08060,2;A06040,1;A08040,2;A08060,3;A08040,1;C08060,2;E0A060,1;C08060,1;E0A060,3;E0A080,1;C08060,1;C0A080,1;C08060,1;A08060,1;A06040,1;A08060,1;C08060,1;A08060,1;A06060,1;A08060,1;C0A080,1;A08060,4;A06040,1;808060,1;806060,3;A08080,1;A08060,1;A06060,2;A08060,3;C0A080,2;E0A080,1;E0E0A0,2;C0A060,1;E0C080,4;E0A080,1;E0A060,1;E0C080,2;A08040,1;A06060,1;806060,1;606040,1;604040,1;A08060,1;C0A060,1;806040,1;808060,1;604040,3;404040,4;604040,1;606040,1;202040,6;202020,1;202040,2;202020,1;202040,1;202020,26
604040,1;202020,4;402020,1;404040,2;402020,3;404020,2;606040,1;806040,3;A08040,1;806040,1;A06040,1;806040,1;806020,1;A08040,1;A08060,1;A06040,1;A08040,1;A06040,1;A08060,1;A08040,2;806020,1;806040,2;606020,1;604040,1;404040,2;604040,1;404040,1;604040,1;404040,2;606040,1;604040,2;806040,2;A08060,2;A08040,1;A06040,1;806040,1;A08060,3;C08060,1;C08040,1;C0A060,2;E0A080,1;E0A060,2;E0A080,1;C08040,1;C0A060,3;C08060,2;C0A060,1;C08060,1;A08060,1;C08060,2;C0A060,1;C08060,1;C0A080,1;C08060,2;A06040,1;806060,3;A08060,10;C08060,1;E0C080,1;E0E080,1;E0C080,1;E0C060,1;E0C080,4;E0C060,1;E0C080,1;C0A060,1;A08060,2;806040,1;806060,1;806040,1;C08060,1;E0A080,1;C08060,2;A08040,2;A08060,3;A08040,1;806060,1;806040,2;604040,1;202040,5;604040,1;C0A080,1;604040,1;204040,1;202040,1;202020,26
404040,1;404020,1;402020,2;604040,1;402020,1;404040,1;402020,2;404040,1;604040,2;606040,1;604020,2;806040,2;A08040,2;A06040,5;A08040,2;C08040,1;E0A060,1;E0C080,1;C08040,1;A06040,1;604040,1;604020,1;604040,1;402040,2;404040,1;604040,1;606040,1;404020,1;604040,3;404040,1;604040,1;806040,2;C08060,1;A08040,2;A08060,1;A08040,1;C08040,1;C08060,1;C0A060,1;C08060,1;C0A060,2;E0A060,3;E0C080,1;E0A060,3;E0C060,1;E0C080,2;E0A060,1;E0C060,1;E0A060,1;C08060,2;C0A060,5;C08060,2;A06060,1;A08060,3;A06060,1;A08060,4;C08060,1;A06040,1;A06060,2;C08060,1;E0A060,1;E0C080,1;E0C060,1;E0C080,1;E0E080,1;E0C080,3;E0C060,1;E0A060,1;C08060,1;C08040,2;C08060,4;C08040,1;C08060,3;C0A060,3;C08060,1;E0A060,1;E0C080,1;E0C060,1;E0C080,1;C0A060,1;A06040,1;806040,2;A08040,1;A06040,1;806020,1;C08040,2;C0A040,1;C0A060,1;A08040,1;806040,2;604040,1;606040,1;806040,2;804020,1;606040,1;604020,1;806040,2;404020,1;402020,1;202020,12
604040,1;606040,1;806040,2;604020,1;606040,1;404020,1;604040,1;604020,1;606040,1;604020,1;806020,1;806040,1;A08040,3;C0A060,1;C08040,2;A08040,1;C0A060,1;C08040,1;C0A060,1;A08040,1;C08060,1;C08040,1;C0A040,1;C0A060,1;E0A060,1;A08020,1;C08060,1;808040,1;806040,2;404020,1;604040,1;606040,1;806040,2;604040,1;A08040,1;806040,2;A08060,1;A08040,2;A06040,1;C08060,4;E0A080,1;E0A060,4;C0A060,1;E0A060,4;E0C080,1;E0C060,2;C0A040,1;E0C080,2;E0A060,1;E0C060,1;E0C080,3;E0A060,2;E0C080,5;C0A060,1;C0A080,1;C0A060,3;C08060,1;C0A060,1;C08060,3;C0A080,1;A08060,1;C0A080,2;C0A060,1;E0C080,1;E0A060,5;C0A040,1;C0A060,1;E0A060,2;C0A060,1;E0A060,3;C08040,1;C0A040,1;C0A060,1;E0A060,1;C0A060,2;E0A060,3;C0A040,1;E0A060,1;E0C080,2;E0C060,1;E0C080,1;E0C060,1;C08040,1;E0A040,1;E0A060,1;E0C060,1;C08060,1;804020,1;806020,1;C08040,1;C0A060,1;E0A040,1;C08040,1;C0A040,1;E0C060,3;C0A060,4;C0A040,1;C08040,1;A06020,3;806040,1;606040,1;604020,1;606040,4;604040,2;404040,2;404020,1
606040,1;404020,1;402020,1;404020,3;202020,1;404040,1;202020,1;404040,2;604020,1;806040,1;606020,1;604020,1;804040,1;806040,1;A08040,1;806020,1;A08040,1;806020,1;806040,1;806020,1;A06040,2;A08040,1;C08040,1;C0A060,1;E0A060,1;A08040,1;A06040,1;806040,2;604040,1;404040,1;402040,1;404040,1;604040,1;404040,2;404020,1;604040,1;606040,2;604040,1;604020,1;806040,1;A08060,1;A06040,1;806040,1;A08040,1;806040,1;A06040,1;A08040,2;A06040,1;A08040,1;C08040,1;C08060,2;C0A060,2;C08040,1;E0A060,1;C0A060,4;C08060,1;C0A060,1;C08040,3;C08060,4;C0A060,1;C08060,1;A08060,1;A06060,1;806060,1;A06040,1;A06060,2;A08060,3;A06040,1;A08060,1;A06060,1;806040,2;A06060,1;E0A060,4;E0C060,1;E0C080,1;E0A060,2;C08060,1;C08040,1;A08060,1;806040,1;A06040,1;806040,1;A06040,1;A08040,2;C08060,1;C08040,2;A08040,1;C08060,1;C08040,4;C0A060,1;C08040,1;E0A060,1;A08040,1;604040,1;404040,1;604040,2;804020,1;604020,1;C08040,1;A06040,2;A08040,1;A06040,1;604020,1;604040,1;402020,1;202020,5;402020,1;806040,1;604040,1;404020,1;202020,13
404020,1;202020,5;404020,1;202020,2;404020,1;604040,3;806040,2;806020,1;806040,1;A06040,1;806040,1;806020,1;A06020,1;804020,1;A08040,1;A06040,1;806020,2;806040,1;A08040,1;806040,2;806020,1;606040,1;604040,1;806040,1;604040,3;606040,1;604040,3;806040,3;606040,1;806040,1;A08060,1;A08040,1;A06040,2;A08040,1;806040,1;A06040,2;A08040,3;A06040,1;C08040,1;C08060,1;C08040,1;C08060,1;E0A060,1;A08040,2;C08060,1;A08040,1;A06040,2;A08040,1;A06040,2;A08060,1;C08060,4;A06040,1;A08060,1;806040,1;A06060,1;806040,3;A08060,1;806040,3;A06060,1;A06040,1;A08060,3;C08060,1;E0C080,2;E0A060,2;C0A060,1;E0A060,2;E0A080,1;E0A060,2;C08060,1;806040,5;A08060,1;C0A060,1;A06040,2;806040,6;A06060,1;A08040,1;A06040,1;604040,1;202020,4;202040,1;404020,1;A08060,1;402020,1;202020,28
404020,1;402020,1;202020,4;402020,2;202020,2;402020,1;604020,2;806040,2;806020,1;806040,2;604020,1;806020,3;A06040,1;A08040,2;806020,1;A06040,2;806020,1;404020,3;604040,1;604020,3;606040,1;604040,1;806040,4;A08040,1;806040,2;A06040,2;A08040,2;A06040,4;A08040,3;A06040,2;A08060,2;A08040,1;C0A060,1;C08060,1;A06040,1;A08060,3;A06040,2;A06060,1;A08060,1;806040,1;A06060,2;A08060,1;806040,2;A06040,1;A06060,1;A06040,1;806060,1;806040,1;606040,1;806040,6;A06060,1;A08060,2;A06040,1;A08040,1;E0C080,1;E0C060,1;C08040,3;C08060,2;C08040,1;A08040,1;C08060,2;A06040,1;806040,3;604040,1;A06040,1;C0A060,1;A06040,1;604020,2;404040,1;604040,1;404020,1;402020,1;404020,1;402020,1;404020,1;604040,1;402020,1;202020,36
402020,1;404020,1;202020,3;404020,1;402020,2;202020,2;402020,2;404020,1;604020,2;804020,1;806040,2;604020,1;806040,1;604020,1;804020,1;806020,1;806040,2;806020,1;806040,3;604020,1;404020,1;402020,1;604040,1;604020,1;404020,1;604020,1;604040,1;606040,1;604040,1;604020,1;606040,1;806040,2;806020,1;604020,1;806040,2;A08040,3;806040,1;A06040,1;A08040,3;A06040,2;A08060,2;A08040,2;A08060,1;A06040,2;A08060,2;C08060,2;A08060,1;A06040,1;806040,1;806060,1;606040,1;604040,1;806040,1;604040,1;806040,6;806060,1;806040,4;A06060,1;806040,1;A08060,1;A06040,1;806060,1;A08060,2;C08060,1;E0A060,1;C08040,2;C08060,2;A08040,2;A06040,2;A08040,2;806040,1;604040,1;806040,1;604040,1;806040,1;A08060,1;806040,1;604040,1;402020,2;404040,2;402020,1;404040,2;604020,1;806040,1;202020,17;002020,2;202020,12;002020,6
402020,2;202020,2;402020,1;404020,1;402020,1;202020,3;402020,1;404020,1;604020,1;604040,1;604020,3;806040,1;604020,1;606040,2;604020,1;804020,1;806020,1;806040,1;804020,1;806040,1;404020,1;806020,1;604020,1;604040,1;402020,1;402040,1;402020,2;404040,1;402020,1;404040,1;402020,1;604040,2;404020,1;604040,1;604020,1;806040,7;A06040,2;A08040,1;806040,2;A06040,2;A08040,1;A06040,2;A08040,2;A06040,1;A08040,1;A08060,1;C0A060,1;C08060,2;A08040,1;806040,2;604040,1;404040,1;604040,1;404040,1;604040,2;806060,1;604040,2;606040,1;604040,3;806040,7;A06040,1;A06060,1;806040,1;A08040,1;A08060,1;A08040,1;A08060,1;A06040,4;806040,1;A06040,1;806040,2;604040,1;404040,2;604040,1;806060,1;604020,1;404040,2;202040,1;404040,3;404020,1;404040,1;402020,1;404040,1;202020,17;002020,2;202020,1;002020,13;000020,2;002020,2
202020,3;402020,3;404020,1;402020,3;202020,1;402020,1;604020,3;604040,1;604020,2;404020,1;806020,1;604020,2;806040,1;A06040,1;806040,1;604020,1;806040,1;604020,3;404020,1;402020,2;202020,3;402020,1;202020,2;402020,2;202020,1;402020,1;404040,1;604040,1;606040,1;804040,1;806040,5;A08060,1;A08040,1;A06040,1;806040,3;A08060,2;A08040,1;A06040,1;A08040,1;A06040,1;A08040,3;A06040,1;A08040,1;A06040,1;806040,1;604040,2;404040,4;604040,1;606040,1;404040,3;402040,1;404040,2;604040,2;806040,2;604040,2;806040,5;604040,1;806040,1;804040,1;A06040,1;A08060,1;806040,2;A08060,1;A06040,1;804020,1;806040,1;404040,1;202040,3;404040,2;204040,1;202040,1;202020,3;202040,1;202020,8;002020,2;202020,4;002020,4;202020,1;002020,17;000020,5
202020,4;402020,1;404020,1;402020,2;202020,3;402020,2;404020,2;604020,1;402020,1;604040,1;604020,1;806020,1;404020,2;604020,3;402020,1;604020,2;404020,2;604040,1;404020,1;402020,1;202020,9;402020,1;404040,2;404020,1;604040,2;604020,1;806040,1;804040,1;806040,1;A06040,1;A08040,1;806040,4;A06040,1;A08060,2;A06040,1;A08040,1;A06040,3;806040,1;A06040,1;806040,1;A06040,1;806040,1;606040,1;604040,1;404040,1;402020,1;402040,1;404040,1;604040,1;404040,1;402020,1;202040,2;202020,1;402040,1;402020,1;404040,1;604020,1;606040,2;604020,1;606040,1;404040,1;404020,1;604040,1;806040,1;604020,1;604040,1;404040,2;604040,1;606040,2;604040,2;806040,2;604040,1;202040,2;202020,15;002020,5;202020,1;002020,20;000020,10
202020,5;402020,1;404040,1;402020,1;202020,4;402020,1;604020,1;604040,1;402020,1;604040,1;604020,1;806040,1;606040,1;404020,1;402020,1;202020,1;404020,1;604020,1;404020,1;604020,1;402020,2;404020,1;604020,1;404020,1;402020,2;202020,2;402020,1;202020,7;404020,1;202020,1;404040,1;604040,1;402020,1;604040,1;604020,1;604040,1;806040,4;A06040,1;806040,1;A08040,1;A06040,2;A08040,1;A06040,1;806040,3;604020,1;806040,2;A06040,1;806040,1;604040,2;404040,1;402020,1;404040,1;402020,1;404020,2;202020,1;202040,4;402020,1;404040,1;404020,1;604040,2;404040,1;404020,1;402020,1;404040,2;604020,1;604040,1;404040,1;202020,3;404040,1;604040,3;604020,1;806040,1;402020,1;202020,15;002020,18;000020,3;002020,5;000020,12
202020,14;402020,2;604040,1;404020,1;604020,2;402020,1;404020,1;402020,2;404020,1;402020,2;202000,1;404020,2;604040,1;402020,1;404020,1;402020,2;202020,5;404040,1;202020,2;404040,2;402020,1;404040,1;404020,1;402020,1;604040,1;604020,1;604040,1;806040,5;804040,1;806040,8;604020,1;606040,1;604040,1;606040,1;806040,2;604040,1;404040,1;202020,1;402040,1;402020,1;404040,1;402020,1;202020,4;202040,1;202020,1;404040,2;402020,1;404020,1;404040,1;402020,2;404020,1;402020,2;604040,1;404040,1;402020,1;202020,3;402020,1;404040,1;404020,2;806040,1;202020,2;002020,1;202020,9;002020,20;000020,22
202000,1;202020,3;404020,1;202020,6;200000,1;202020,5;402020,1;404020,1;402020,2;404020,1;202020,1;404020,1;402020,1;202020,1;402020,1;604040,1;404020,2;402020,4;202020,15;402020,1;604020,2;806040,2;606020,1;806040,1;604040,1;806040,3;604020,1;806040,3;606040,1;806040,1;604020,2;604040,4;606040,1;404040,1;202020,1;402040,1;202020,1;404040,1;202020,5;202040,1;202020,1;202040,1;402020,1;404040,1;404020,1;402020,2;202020,1;402020,2;202020,1;402020,1;404020,1;202020,6;402020,1;404040,1;604040,1;202020,2;002020,4;202020,1;002020,21;000020,24;000000,1;000020,1
202020,4;402020,1;202020,1;404040,1;202020,1;202000,1;202020,2;200000,1;202020,2;404020,1;202020,1;402020,1;202000,1;402020,1;404020,1;402020,1;202020,5;404020,1;402020,3;404040,1;402020,1;202020,1;404020,1;202020,4;200020,1;202020,2;200020,1;202020,6;404020,1;604040,1;604020,1;404020,1;604020,2;806040,1;606020,1;604020,1;604040,1;604020,1;806040,2;604020,3;402020,1;604040,1;404040,1;404020,4;604040,1;606040,1;402020,1;202020,12;402020,1;202020,1;404040,1;202020,9;002020,1;202020,1;002020,2;202020,6;002020,18;000020,2;002020,3;000020,21;000000,8
202020,1;404020,1;202020,2;402020,1;202020,1;402020,2;202020,6;402020,2;202020,5;404020,1;202020,5;402020,1;404020,1;402020,1;404020,3;402020,1;202020,13;402020,2;604040,2;404020,1;604040,1;604020,2;806040,1;404020,1;604040,1;606040,1;604040,2;404020,2;202020,2;404020,1;404040,1;402020,1;404020,1;402020,1;404020,2;404040,1;402020,1;202020,23;002020,24;000020,2;002020,1;000020,26;000000,10
000020,3;002020,1;000020,4;002020,1;000020,1;002020,1;000020,5;202020,1;000020,1;002020,1;000020,3;002020,1;000020,7;002020,1;000020,1;202020,1;000020,1;002020,12;202020,2;204040,1;002020,6;202040,1;002020,2;202040,1;002020,67;000020,32;000000,2
002020,1;000020,2;002020,1;202020,2;002020,3;202020,1;000020,1;202020,1;000020,4;202020,1;000020,1;002020,3;000020,4;002020,1;000020,5;202020,1;000020,1;002020,1;000020,1;002020,9;202020,2;002020,1;202020,1;202040,1;002020,1;202020,2;002020,6;202040,1;002020,69;000020,31;000000,1
000020,2;002020,1;202020,2;002020,1;000020,2;002020,4;202020,1;000020,1;002020,1;202020,1;000020,1;002020,1;202040,1;202020,2;000020,2;002020,1;000020,1;002020,1;000020,5;002020,11;202020,1;002020,2;202040,2;202020,1;002020,1;202020,1;202040,1;202020,1;202040,1;002020,2;202020,1;002020,2;202040,1;002020,1;202020,1;002020,70;000020,29
000020,1;202020,1;002020,2;000020,2;002020,1;202020,1;002020,2;202020,1;000020,1;202020,1;000020,2;202020,1;000020,2;002020,1;202020,1;002020,1;202020,1;000020,2;202020,1;000020,1;002020,8;202020,2;002020,6;202020,1;202040,1;002020,1;202040,1;002020,1;202020,3;002020,2;202040,1;002020,3;202040,1;002020,1;202040,1;002020,74;000020,27
202020,3;002020,1;000020,1;204040,1;202020,1;202040,2;202020,2;000020,1;002020,1;202020,2;204040,1;002020,3;000020,5;202040,1;202020,2;002020,1;202020,1;002020,5;202040,1;002020,9;202040,1;202020,1;002020,1;202040,1;202020,1;002020,4;202040,1;002020,3;202040,1;002020,2;202040,1;002020,74;000020,25
202020,1;000020,1;404040,1;202020,4;002020,1;202020,2;000020,1;002020,1;202020,4;002020,1;000020,1;202020,2;002020,1;202020,1;002020,2;202020,1;002020,2;202020,2;002020,8;202020,1;002020,1;202020,3;202040,1;204040,1;202020,1;404040,2;202020,1;202040,1;002020,3;202040,2;002020,2;202040,3;002020,1;202040,3;002020,3;002040,26;002020,2;002040,1;002020,41;000020,24
202020,5;002020,1;000020,2;202020,2;000020,2;002020,1;000020,1;002020,1;000020,1;202020,5;002020,1;202020,1;002020,1;202020,1;002020,5;202020,2;002020,2;202020,4;202040,1;202020,1;202040,5;404040,1;202020,2;202040,2;002020,2;002040,1;202040,7;002040,7;202040,1;002040,33;002020,37;000020,22
404040,1;202020,5;002020,2;202040,1;202020,4;002020,1;202020,2;002020,1;202020,3;002020,1;202020,1;002020,5;202020,1;002020,1;202020,1;202040,1;002020,1;202020,1;202040,1;002020,1;202040,1;202020,2;002020,1;202020,1;202040,4;202020,2;202040,2;202020,2;002020,2;202040,1;204040,1;202040,1;002020,1;002040,2;202040,1;002040,1;202040,2;002040,3;202040,2;002040,38;002020,35;000020,20
202020,3;002020,2;202020,3;002020,1;000020,1;202020,1;002020,2;000020,1;202020,2;204040,1;202020,4;002020,1;202020,2;002020,3;202020,3;202040,1;202020,3;002020,1;202020,2;002020,1;202020,1;202040,2;204040,2;202040,1;202020,1;202040,3;202020,2;202040,2;204040,1;202040,1;204040,1;002040,1;202040,3;002040,2;202040,1;002040,47;002020,32;000020,19
002020,1;000020,1;202020,1;002020,1;202020,1;002020,2;202020,4;000020,1;002020,1;202020,7;002020,1;202020,1;002020,1;202020,1;002020,1;202020,2;202040,1;202020,3;002020,1;202020,1;002020,1;202040,2;002020,1;202020,1;202040,1;202020,1;202040,4;404040,1;204040,1;202040,5;204040,1;202040,5;002040,1;204040,1;002040,1;202040,2;002040,2;202040,1;002040,1;202040,1;002040,10;202040,3;002040,31;002020,31;000020,18
202020,1;000020,1;202020,2;000020,1;202020,12;202040,1;202020,1;002020,1;202020,5;002020,1;202020,1;002020,1;202040,1;202020,2;002020,1;202020,3;202040,1;202020,1;202040,3;202020,1;404040,1;202040,1;404040,1;202040,1;404040,1;202040,17;204040,2;204060,1;202040,1;002040,1;202040,26;002040,20;002020,29;000020,17
002020,3;204040,1;202020,3;002020,1;202020,1;002020,1;000020,1;202020,1;202040,1;202020,1;002020,1;404040,1;002020,1;202040,1;002020,1;202020,5;202040,1;002020,1;202020,1;202040,1;002020,1;202020,2;202040,1;002020,1;202040,5;202020,1;202040,1;204040,2;202040,21;204040,2;202040,1;204040,1;202040,31;002040,19;002020,27;000020,16
002020,1;202020,3;404040,1;202020,5;002020,1;202020,2;402020,1;202020,5;002020,2;202020,4;002020,4;202040,1;202020,1;202040,3;404040,1;202020,2;204040,2;202040,1;404040,2;202040,2;404040,2;202040,12;204060,1;204040,1;202040,1;204060,1;202040,1;204040,2;202040,37;002040,8;202040,2;002040,6;002020,28;000020,14
002020,1;202020,12;402040,1;202020,2;204040,1;202020,2;202040,1;202020,4;202040,1;202020,2;002020,1;202040,1;202020,2;202040,1;404040,2;202020,2;202040,1;202020,1;204040,1;202040,2;204040,1;202040,2;202020,1;204040,1;202040,2;204040,1;202040,5;404060,1;202040,2;204040,2;204060,1;204040,1;204060,1;202040,1;404060,1;202040,1;204040,1;204060,1;202040,46;002040,2;202040,2;002040,4;202040,1;002020,25;000020,2;002020,1;000020,2;002020,4;000020,4
202020,1;002020,2;202020,1;002020,1;202020,3;202040,1;202020,2;404040,1;202020,2;404040,1;604040,1;202020,1;404040,1;202020,3;202040,1;202020,2;202040,1;202020,3;204040,1;202020,2;204040,1;202020,1;404040,1;202040,3;404040,2;202040,1;404060,1;202040,1;202020,1;202040,1;404040,2;202040,3;204040,1;202040,7;204040,1;406060,1;202040,5;404060,1;202040,1;202060,2;202040,53;002040,1;002020,1;202040,1;002020,2;202020,1;002020,26;000020,1;002020,1;000020,1;002020,1;000020,3
202020,1;002020,2;202020,4;002020,1;202020,1;404040,2;404020,1;202020,3;202040,1;202020,1;404020,1;404040,1;202040,2;202020,2;002020,1;202040,1;202020,1;202040,2;202020,4;204040,1;202040,1;204040,1;202040,2;204040,2;404040,1;202040,2;404040,1;404060,1;404040,2;404060,1;202040,4;204040,1;202040,1;204040,2;202040,1;404060,1;406060,2;204040,1;202040,1;204060,6;202040,1;202060,1;202040,5;202060,5;202040,1;202060,8;202040,33;002040,2;202040,3;002020,2;202020,1;002020,28;000020,3
202020,1;002020,1;202020,7;402020,1;202020,3;606040,1;402020,1;404020,1;404040,1;404020,1;202040,1;404040,1;204040,1;202040,1;202020,6;202040,3;404040,2;204040,1;202040,4;204040,1;404040,1;204040,1;404040,1;202040,3;204040,1;202040,2;204040,1;202040,1;204040,2;202040,1;404060,2;202040,1;404040,1;606060,1;404040,1;404060,1;204060,7;202060,1;204060,1;202060,24;202040,31;202020,8;002020,1;202020,2;002020,24;000020,1
202020,2;002020,1;202020,2;204040,1;202020,6;402020,1;404040,1;402020,1;404040,3;202020,2;404040,2;202020,2;202040,2;202020,1;204040,1;202040,2;404040,1;202020,1;404040,3;204040,1;202040,2;204040,1;404040,1;204040,1;202040,1;204040,1;404060,1;204040,1;202040,6;204040,1;404060,1;404040,2;404060,1;406060,1;404040,1;606060,1;406060,1;404060,1;202040,1;406060,1;404060,1;204060,7;202060,25;202040,31;202020,5;002020,1;202020,5;002020,22
202020,6;404040,1;202020,2;404040,1;202020,2;404040,2;202020,2;404040,1;202020,1;404040,2;604040,1;404020,1;202040,1;202020,1;202040,6;404040,1;202040,2;404040,2;202040,1;404040,1;404060,1;404040,2;202040,3;204040,1;202040,1;204040,1;202040,2;204040,2;404060,1;404040,1;404060,1;606060,2;404040,1;404060,2;606060,2;404060,6;204060,10;202060,2;204060,13;202060,6;202040,1;202060,1;202040,29;202020,13;002020,1;202020,1;002020,3;202020,2;002020,12
202020,2;202040,1;202020,3;404020,1;202020,1;404040,2;202020,4;404040,4;606040,1;402020,2;404040,1;204040,1;202040,6;204040,1;202040,2;404040,2;202040,2;204040,1;404040,3;202040,1;204040,1;202040,1;204040,1;202040,1;204040,1;202040,2;204040,1;404040,1;404060,5;406060,1;404060,1;406060,1;808080,1;606060,1;406060,1;404060,1;606060,2;606080,1;404060,1;204060,30;202060,5;202040,31;202020,12;002020,2;202020,3;002020,11
202020,5;202040,1;404020,1;202020,1;202040,1;202020,3;204020,1;202020,1;404040,1;606040,1;404040,1;404020,1;404040,2;402040,1;404040,1;202040,1;204040,1;202020,2;202040,2;204040,1;202040,1;404040,9;202040,5;204040,1;202040,1;204040,1;404060,1;406060,1;404060,5;604060,1;604040,1;606060,2;806060,1;808080,1;606060,2;A08080,1;806060,1;606060,1;404060,1;204060,1;404060,3;406060,1;404060,1;204060,3;404060,1;204060,25;202060,2;202040,28;202020,14;002020,1;202020,5;002020,9
202020,8;404040,1;404020,1;202020,3;404040,2;202020,1;404040,1;202020,1;202040,1;404040,4;202040,2;404020,1;204040,2;404040,4;202020,1;404040,2;202040,1;404040,2;202040,1;404040,1;202040,5;204040,1;404040,1;202040,1;404060,1;606060,3;806060,1;606060,1;404060,4;606060,1;404060,1;606060,1;404060,1;606080,1;808060,1;606060,1;404060,2;406060,1;404060,6;204060,1;404080,1;204060,25;202060,4;204060,1;202040,25;202020,21;002020,8
202020,2;204020,1;202020,5;404040,1;202020,2;404040,3;402020,1;202020,1;404040,2;202020,1;404040,10;202040,1;404040,4;202040,1;404040,4;204040,1;404040,1;202040,1;204040,1;202040,1;204040,1;202040,2;404060,3;606060,4;404040,1;204060,7;606060,1;604060,1;404060,3;406060,1;404060,7;204060,1;404060,1;204060,2;404080,1;204060,12;404060,1;204060,15;202040,22;202020,23;002020,7
202020,6;404040,2;402020,1;404020,1;404040,1;402020,1;404020,1;402020,1;404040,1;402020,1;404040,1;402020,1;404040,2;604040,1;404040,1;202020,1;404040,1;202040,2;404040,4;606060,1;404040,1;202040,2;404040,1;202040,2;404040,2;202040,6;204040,2;404060,2;606060,1;806060,1;808060,1;806060,1;606060,1;404060,2;406060,1;404060,1;204060,2;404060,1;606060,1;A08080,1;806060,1;404060,3;606080,1;808080,1;406060,1;404060,1;606080,1;404060,1;204060,2;404060,1;406060,1;404060,1;404080,1;404060,3;204060,6;404080,1;204060,15;404060,1;204060,1;404060,1;204060,2;202040,23;202020,22;002020,3;202020,1;002020,2
202020,1;404040,1;402020,1;202020,4;404040,1;402020,1;606040,1;404020,1;402020,3;404040,2;202020,1;404040,3;404020,2;404040,7;202040,1;606040,1;404040,1;606040,1;404040,1;404060,1;404040,3;204040,2;202040,2;204060,1;202040,1;404060,5;404040,1;606060,1;806060,3;808060,1;606060,1;204060,3;404060,1;808080,3;806060,1;404060,1;808080,1;A08080,1;806060,1;A08080,1;606080,1;404060,1;606080,2;404060,2;606080,2;404080,2;606060,1;406080,2;204060,6;404080,1;204060,9;404060,1;204060,6;404060,2;406060,1;404060,1;204060,1;202040,23;202020,22;002020,2;202020,3
202020,1;404040,2;202020,1;402040,1;202020,2;404040,1;202020,1;606040,1;404020,1;202020,1;604040,1;404020,1;404040,7;202020,1;404040,2;604040,1;404040,2;202040,1;404040,9;404060,1;204040,4;202040,3;204040,2;404040,1;204060,1;406060,1;606060,2;806060,1;808060,1;606060,1;404060,4;204060,1;404060,2;808080,1;A08080,1;606060,1;808080,1;606060,1;808080,1;808060,1;606060,1;606080,1;806080,1;606080,1;604060,1;606060,1;606080,1;806060,1;806080,1;404060,4;204060,1;404080,1;204060,1;404060,2;204060,1;404060,1;406080,1;406060,1;404060,1;204060,1;404060,4;606080,1;606060,1;404060,5;406060,1;404060,1;606080,1;606060,2;204040,1;202040,23;202020,27
202020,3;404040,1;202020,2;402020,1;404040,2;202020,1;404040,2;202020,1;402020,2;404040,1;402020,1;404040,2;402040,1;404040,1;606040,1;204020,1;402020,1;404040,7;604040,1;404040,1;604040,1;404040,2;204040,1;404040,1;404060,1;202040,1;204040,1;204060,2;404060,1;404040,2;204040,1;404060,1;204060,1;406060,1;604060,1;606060,1;806060,1;A08080,1;808060,1;606060,1;604060,1;606060,4;808060,1;A08060,2;C0A080,1;E0A080,1;C08080,1;A08060,1;A08080,2;806080,1;A08080,1;808080,1;A08080,1;808060,1;A08080,1;808060,1;A08080,1;808080,1;806080,1;406060,2;404060,3;406080,1;406060,1;606080,1;606060,1;604060,1;404060,1;406060,2;404060,1;406060,2;606060,2;806080,1;404060,2;406060,1;404060,1;606060,2;406060,2;606060,2;404040,1;202040,23;202020,27
202020,2;404040,1;202020,4;404020,1;404040,1;402020,2;604040,1;202020,1;404040,1;202020,1;404040,2;806060,1;404040,1;606040,1;402020,1;404040,1;604040,1;404040,2;604040,1;404040,4;402040,1;404040,2;606040,1;404040,2;204040,1;404040,1;202040,1;404040,1;204040,2;404060,1;204040,1;404040,2;404060,2;404040,1;606060,1;604060,1;806060,1;A08080,1;A08060,2;A08080,1;806060,1;A08080,1;A08060,1;C0A080,3;A08060,1;C0A080,1;E0A080,1;C0A080,1;C0A060,1;C0A080,3;A08060,1;A08080,2;C0A080,2;A08080,2;806060,1;808080,1;806060,1;606060,1;404060,2;406060,1;606080,2;606060,1;808080,2;606060,7;806060,1;808080,1;606060,2;404060,1;606080,1;606060,2;806060,1;606060,3;806060,1;404060,2;204060,1;202040,22;202020,26
202020,5;402020,1;404040,1;404020,1;202020,1;402020,2;202020,2;404020,1;404040,1;604040,1;404040,2;606040,1;806040,1;604040,1;404040,1;402020,2;604040,2;404040,1;604040,2;404040,1;204040,1;404040,2;604040,2;404040,3;204040,1;404060,1;202040,1;404060,1;404040,1;406060,1;404040,1;606060,1;404040,1;606060,2;606040,1;806060,1;808060,1;C0A080,1;A08060,1;C08080,1;C0A080,3;E0A080,1;C0A080,1;E0C0A0,1;E0C080,1;C0A080,1;E0A080,1;C08060,1;C0A060,1;C0A080,1;C08060,1;C0A080,1;C08060,1;C0A080,5;A08080,2;806060,1;806080,1;606060,3;606080,1;606060,2;806080,1;606060,1;808060,2;806060,1;808080,1;606060,2;806060,1;808080,1;A08080,2;806060,6;808080,1;806060,3;808060,2;604060,1;606080,1;406060,1;404060,1;204060,2;204040,1;202040,17;202020,27
202020,5;404020,3;404040,1;202020,1;404040,1;202020,2;404040,5;806040,1;606040,1;404040,1;604040,1;404040,2;606040,2;404040,1;606040,1;402020,1;402040,1;404040,1;606040,3;404040,5;604060,1;404040,3;404060,1;404040,2;806060,2;606060,2;808060,1;806060,1;A08060,2;C08060,1;C0A080,1;A08060,1;C0A060,1;C0A080,1;C08060,1;C0A060,1;E0C080,1;C0A080,1;C0A060,1;C0A080,1;E0A080,1;C0A060,1;C0A080,1;E0A080,1;E0C080,1;E0C0A0,1;E0A080,1;C0A080,3;A08080,1;806060,2;606060,1;808080,1;806080,1;606060,2;606080,1;808080,1;A08080,1;A08060,1;A08080,1;808080,1;806060,2;806080,1;808060,1;A08060,1;A08080,2;A08060,2;A08080,2;A06060,1;A08080,3;806060,2;A06060,1;A08060,1;806060,1;606060,3;404060,1;204060,1;404060,1;204060,1;202040,1;204060,1;204040,2;404060,2;204040,1;202040,1;204040,2;202040,9;202020,25
202040,1;202020,7;404040,1;402020,2;202020,1;402020,1;404040,1;402020,1;404020,4;604020,1;604040,2;806040,2;606040,1;404040,2;604040,1;404040,3;604040,1;404040,2;606040,1;404040,3;604040,1;404040,1;604040,1;404040,2;606060,1;606040,2;606060,2;808060,2;A08060,1;806060,2;A08080,1;A08060,5;C0A080,2;E0A080,2;C0A080,2;E0A080,1;C0A060,1;E0C080,2;C0A080,1;E0A080,1;E0C080,2;E0C0A0,1;C0A080,1;A08080,1;806060,2;A08080,1;808080,2;806060,2;806080,1;808080,1;C0A080,1;A08080,1;A08060,1;A08080,1;806060,1;808080,1;806060,1;A08060,1;A08080,1;C08080,1;C0A080,2;C08080,1;A08060,1;C0A080,3;C08080,1;A08060,1;806060,1;A08060,6;A08080,1;606060,1;404040,1;404060,1;404040,1;404060,1;404040,1;204040,2;202040,2;204040,1;404040,3;202040,9;202020,25
202020,5;404040,1;202020,1;404040,2;202020,3;404040,1;402020,3;404040,1;606040,1;604040,1;404020,2;604040,1;806060,1;806040,2;806060,2;606040,1;404040,1;606040,1;806060,1;404020,1;604040,1;402040,1;402020,1;604040,2;404040,1;604040,2;806060,1;606040,1;806060,3;604040,1;606040,1;806060,2;806040,1;A08060,2;806060,1;806040,1;A08060,1;A06060,1;C08080,1;A08060,1;C08060,1;C0A080,1;C0A060,2;E0A080,1;C08060,1;C0A080,1;C0A060,1;C08060,1;C0A060,1;C0A080,2;E0A080,1;E0C0A0,1;E0C080,1;E0A080,1;C0A080,1;A08080,3;808060,4;806080,1;806060,1;A08080,1;A08060,2;806060,1;808080,1;806060,2;A08080,1;C0A080,1;E0C080,2;E0A080,2;C0A080,2;E0A080,1;A08060,1;C08060,1;C08080,1;A06060,1;A08060,2;C08060,1;A08060,5;604040,2;604060,1;404040,2;202040,1;404040,1;204040,1;202040,2;404040,1;202040,1;404040,1;202040,11;202020,24
402020,1;404040,1;202020,2;402040,1;402020,1;202020,1;404040,2;402020,2;202020,2;402020,2;404040,1;604040,1;606040,1;604040,1;404020,2;604040,1;604020,1;806040,1;604020,1;806040,1;604040,3;606040,1;806060,1;604040,1;606060,1;604040,1;806040,1;606040,1;606060,1;604040,1;806060,1;604040,1;806060,1;806040,2;806060,1;A08060,2;808040,1;806040,1;A08060,2;806060,3;A08060,5;C08060,1;C0A080,1;E0A080,2;E0A060,2;C0A080,1;C08060,1;A08060,1;C08080,1;C0A080,2;E0A080,1;C0A080,1;C08080,1;A08060,1;A06060,2;A08080,5;A08060,1;806060,2;A08080,1;A08060,3;A08080,2;A08060,2;E0E0A0,2;E0C080,1;C0A080,3;C0A060,1;E0A080,1;E0C080,1;C08060,1;A08060,2;C0A080,1;C0A060,1;C0A080,1;C08060,1;C0A060,1;A06040,1;C08060,1;A08060,1;606040,1;404040,9;402040,1;404040,1;806060,1;204040,1;202040,8;202020,26
402020,1;404020,1;404040,1;402020,1;404020,1;402020,1;404040,1;202020,1;402020,1;202020,2;402020,2;202020,1;404040,2;604020,1;806040,2;606040,2;604040,1;806040,5;604040,2;606040,1;604040,2;404040,1;604040,4;808060,1;806040,1;806060,1;806040,1;806060,1;A08060,1;806040,1;A08060,1;808040,1;A08060,3;808060,1;806040,2;A08060,1;C0A080,1;A08060,3;C08080,1;C08060,2;E0A060,1;C08060,1;C0A060,1;E0A060,1;C08060,2;A08060,1;A06060,1;C08060,1;C08080,1;C0A080,1;A08060,1;C08060,1;C0A080,1;A08060,3;A08080,1;C08080,1;A08060,3;806060,4;A08060,3;806060,1;A08060,1;A08080,1;E0E0A0,2;E0C080,2;C08060,1;E0A080,1;E0C080,3;C0A060,1;C0A080,1;C0A060,1;C08060,3;C0A060,1;C08060,2;A08060,2;604040,2;404040,1;604040,1;404040,8;806040,1;404040,1;202040,4;202020,1;606040,1;404040,1;202020,27
402020,1;404020,1;404040,1;606040,1;404040,1;402020,1;404040,1;402020,2;404040,2;202020,1;404040,1;606040,1;806040,1;606040,1;404020,1;604040,1;806040,1;606040,1;806040,5;A06040,1;A08040,1;806040,6;604020,1;604040,1;606040,1;604040,3;806060,1;606040,1;604040,1;606040,1;806040,4;806060,1;A08060,1;806040,2;806060,1;A08060,1;806040,1;A08060,2;A06040,1;A08060,1;C08060,1;E0A060,1;E0A080,1;E0C080,1;E0A080,1;E0A060,1;C0A060,2;C08060,1;A08060,1;C08080,1;C08060,2;A08060,1;C0A060,1;C0A080,2;C0A060,1;C0A080,1;A08060,1;A08080,1;806060,3;808060,1;806060,1;A06060,1;A08060,4;806060,1;A08060,2;E0C0A0,1;E0E080,1;E0C080,1;E0C060,1;E0A060,1;E0A080,1;E0C080,1;E0A060,1;E0C080,2;E0A060,1;C0A060,1;E0A080,1;E0A060,3;C08060,1;A08060,2;A08040,1;806040,2;604040,1;806060,1;806040,1;806060,1;606040,3;806060,1;404040,2;604040,1;404040,1;202040,2;402040,1;404040,1;A08060,1;C0A060,1;806040,1;404040,1;202020,7;202040,1;202020,18
606040,1;604040,2;402020,2;404040,1;202020,1;402020,1;404040,1;606040,1;404040,1;402020,1;404040,1;604020,1;606040,1;604040,1;404020,1;606040,1;806040,1;604020,1;604040,1;806040,2;A08060,1;806040,2;A08040,1;C0A060,1;A08040,2;A08060,1;A08040,1;806040,2;606040,1;404020,1;404040,1;604040,3;404040,1;604040,3;806040,1;806060,2;806040,2;806060,1;806040,3;A08060,4;C08060,2;C0A060,1;E0A060,2;E0A080,1;E0A060,2;E0A080,1;C08060,1;C0A060,1;C08060,1;C0A060,1;E0A080,1;E0C080,1;C0A060,4;C0A080,1;A08060,3;806060,2;808060,1;806060,1;A08080,1;A08060,2;A06060,1;A08060,2;C08080,1;A08060,1;C0A060,1;E0C080,3;E0C060,1;E0C080,6;E0A060,1;E0C080,4;A06040,1;A08060,1;A06040,1;A08060,3;A08040,1;A08060,2;A06040,1;806040,1;A08040,2;A08060,2;C0A060,1;C08060,1;C0A060,1;A08060,2;C08060,1;C0A060,1;C08040,3;A06040,1;806020,1;604020,1;604040,2;806040,1;A06040,2;806020,1;A06040,1;806020,1;604020,1;404020,1;A08060,1;202020,13
806040,1;604020,2;402020,3;404040,2;402020,1;604040,1;404040,1;404020,2;402020,1;604040,1;604020,2;606040,1;604020,1;A08040,1;A06040,1;A08040,2;806040,2;A06040,1;C0A060,1;C08040,1;A08040,1;C08040,2;A06040,1;806040,2;604040,1;404040,2;402040,1;404040,3;604040,1;402020,1;604040,1;A06060,1;806040,3;A08060,2;A06060,1;806040,1;A06040,1;A08060,1;C08060,2;C0A060,1;E0C080,1;E0A060,2;E0A080,1;E0A060,3;E0C060,1;E0C080,1;E0A060,1;E0C080,1;E0C060,1;E0C080,5;E0A060,1;C0A060,3;C08060,1;A08060,5;A08080,1;806060,1;A08060,2;C08060,3;A06060,1;C0A060,1;E0A060,1;E0C060,3;E0A060,1;E0C080,1;E0C060,2;E0C080,5;C0A040,1;C08040,2;C0A060,2;A08040,1;A08060,1;C08060,1;C0A060,1;A06040,1;C08060,2;E0A060,3;C0A060,1;E0C080,2;E0C060,1;C0A060,2;E0A060,2;E0A040,1;C08040,2;C0A060,1;E0A060,1;A08040,2;C08040,4;A08020,1;C08040,2;E0A040,2;E0C060,1;A06020,1;806040,1;402020,1;202020,2;404020,1;606040,1;806040,1;604020,1;404020,1;202020,4
806040,1;606040,1;806040,2;606040,1;604040,1;606040,1;404020,1;402020,1;806040,1;604020,1;404020,1;606040,1;806040,1;A08040,2;806040,1;A08060,1;C0A060,1;C0A040,1;C08040,2;A08040,2;C08040,1;C08060,1;C08040,1;C0A060,1;C08040,2;C08060,1;A08040,1;806040,2;604040,1;606040,1;604040,2;806040,1;606040,1;806040,1;806060,1;806040,1;806060,1;A08060,2;A08040,4;A06040,1;A08060,3;E0A060,2;C0A060,1;E0C080,1;E0A060,1;E0C080,1;E0A060,1;E0C060,2;E0C080,1;E0C060,1;E0C080,5;E0E080,2;E0C080,5;E0C060,1;E0C080,2;C0C080,2;E0C080,1;C08060,1;A08060,1;C0A060,1;C0A080,1;C08060,1;C0A060,3;C0A080,1;E0A080,1;E0C060,2;E0A060,1;E0C060,6;E0C080,1;E0A060,3;C08040,3;A08040,1;C0A060,4;E0A060,3;C0A060,1;E0A060,4;E0C060,1;E0A060,1;E0C060,1;C0A060,1;E0C060,2;E0C080,1;C0A040,2;C08040,1;E0A040,1;C08040,3;C0A040,1;C08040,1;E0A040,1;E0A060,1;C0A060,3;E0C060,3;A06020,2;A06040,1;C08060,1;A08040,2;E0C060,2;C0A040,1;C0A060,2;A0A060,1;806040,1;606040,1
606040,1;604020,1;604040,1;202020,1;402020,1;604040,1;404020,1;402020,2;404020,1;402020,1;404020,3;604040,1;404020,1;604020,1;606040,1;806040,1;806020,2;806040,1;A06040,1;806020,1;806040,1;A06040,1;C0A060,1;A08040,1;A06040,1;A08040,2;806020,1;806040,2;604040,1;404020,1;404040,7;604040,1;606060,1;606040,1;806040,1;A08040,1;806040,5;A06040,1;A08060,2;A08040,1;C08060,3;C0A060,1;C08060,1;C0A060,1;C08060,1;C0A060,1;E0A060,1;C0A060,2;E0A060,2;E0C080,1;E0A060,3;C0A060,3;C08060,3;A08060,1;A06060,2;A08060,1;C08060,1;A06060,5;A06040,1;806060,1;A08060,1;C08060,1;E0A060,2;C0A060,1;E0A060,6;C08040,2;C0A060,1;A08040,1;A06040,2;C08060,1;A08040,3;A08060,1;A08040,1;A06040,3;A08040,1;C08040,2;C0A060,1;E0A060,1;C08040,1;C0A040,1;C0A060,1;C08040,5;A06020,1;C08040,2;A06020,2;A06040,1;C08040,1;A08040,1;C08040,1;A06020,1;806020,1;A06020,2;A08040,2;806020,1;804040,1;202020,5;402020,1;202020,6
404020,2;202020,3;402020,1;404020,1;402020,2;404040,1;404020,2;604020,1;806040,1;A06040,1;604040,1;604020,1;806040,2;604020,1;806020,2;A08040,1;806040,1;806020,1;806040,1;A08040,2;A06040,2;806040,2;604020,2;604040,3;404020,1;604040,1;606040,1;604040,3;606040,1;806040,2;A08060,1;A08040,1;806040,5;A08040,2;A06040,1;A08060,1;C08060,3;C0A060,1;C08060,5;A08040,1;A08060,1;A08040,2;C08060,1;C0A060,1;C08060,5;A08060,2;806040,3;806060,2;A08060,1;A06060,2;806040,3;A08060,1;A06060,1;A08060,1;E0A060,10;C0A060,1;E0A060,3;C08060,1;806040,1;A08060,1;A06040,1;A08060,2;806040,1;806020,1;A06040,2;806040,1;A08060,1;A06040,1;A08040,1;A08060,1;A08040,1;C0A060,1;C08060,2;A08040,1;806040,2;A06040,3;C08040,1;A06040,1;806040,1;402020,1;604040,2;402020,1;202020,1;404020,1;402020,3;202020,2;806040,1;402020,1;202020,12
404020,3;202020,1;402020,1;202020,2;404020,1;402020,3;202020,1;404020,1;604020,1;806020,1;806040,1;604020,1;806020,3;806040,1;604020,1;806040,4;806020,1;806040,1;806020,1;806040,2;604020,1;404020,1;604040,2;604020,1;604040,1;806040,1;606040,1;806040,2;606040,1;806040,4;C08060,1;A08040,2;806040,4;A08060,1;A06040,2;806040,1;A06040,1;A08060,1;A06040,1;C08060,2;A08040,2;A08060,2;806040,2;A06040,1;A08060,2;A06040,4;A06060,1;A08060,3;806040,1;806060,1;806040,1;604040,2;806060,1;806040,5;806060,2;C0A060,1;E0A060,1;C0A060,1;C08060,1;C08040,1;C08060,1;C08040,1;C08060,3;C08040,1;A08040,3;C08040,1;C0A060,1;A08060,1;806040,1;A06040,2;604040,1;806040,1;804040,1;806040,1;604040,1;404020,1;604040,3;404040,1;402020,1;606040,1;806040,2;404020,1;202020,2;404020,1;A08040,2;806040,1;404020,1;202020,26
402020,2;404040,1;402020,1;404040,1;202020,8;402020,1;604020,1;404020,1;604020,1;806040,1;806020,1;604020,1;804020,1;604020,1;806040,2;806020,1;806040,3;604020,1;604040,1;806040,1;604020,1;402020,1;404040,1;604040,3;604020,1;604040,1;606040,1;806040,6;A06040,1;A08040,2;A06040,1;806040,3;A08060,1;806040,4;A06040,2;A08060,1;A06040,2;A08040,1;C08060,1;806040,3;A08060,2;A08040,1;A06040,2;A06060,1;806040,1;604040,1;806040,1;A06060,1;806060,1;806040,1;A08060,1;806040,1;604040,2;806040,2;806060,1;806040,3;806060,1;806040,1;C0A060,1;E0C080,1;C0A060,1;A08040,1;806040,1;A08060,1;A08040,2;A08060,1;A06040,7;A08040,1;A06040,2;A08040,1;604040,2;404020,1;402020,9;604040,2;202020,5;604040,2;202020,23;002020,4
202020,1;402020,2;202020,1;402020,2;202020,1;402020,2;202020,2;402020,1;202020,1;402020,2;404020,1;604020,1;806020,2;604020,5;804020,1;806040,1;604020,3;606040,1;604020,2;404040,1;402020,1;404020,1;404040,3;604040,2;806040,6;604020,1;806040,10;604040,1;806040,1;A06040,2;A08040,1;A06040,2;806040,4;A06040,1;A08060,3;A06040,1;A06060,1;804040,2;806040,1;604040,1;806040,1;604040,1;806040,1;604040,3;806040,2;806060,1;604040,1;806040,4;C08060,1;C0A060,1;C08060,1;A06040,3;A06060,1;A06040,1;A08040,1;806040,2;604040,1;806040,2;A06040,1;806040,1;A06040,1;806040,2;A08060,1;604040,1;404020,1;402020,1;202020,1;402020,1;202020,5;402020,2;604040,1;404040,1;202020,21;002020,10;000020,1;002020,2
202020,4;404040,1;202020,6;402020,1;202020,4;404020,1;604020,3;402020,1;604020,1;604040,1;604020,1;806040,2;604020,2;604040,1;604020,2;604040,2;404020,1;402020,3;404040,1;404020,2;604040,1;604020,2;806040,1;604040,1;604020,3;604040,1;606040,1;806040,2;604040,3;606040,1;806040,3;A06040,4;806040,4;A06040,1;A08040,1;A08060,1;A06040,1;A08060,1;A08040,2;806040,2;604040,5;404040,1;604040,1;404040,1;604040,1;606040,1;806060,1;604040,1;806040,1;604040,3;A08060,1;A08040,3;A06040,1;806040,2;A06040,1;806040,1;604020,1;604040,2;604020,1;606040,1;806040,1;804040,1;806040,1;804020,1;806040,1;A06040,1;604040,1;404020,1;404040,1;402020,1;202020,8;404020,1;402020,1;202020,9;002020,1;202020,4;002020,12;000020,1;002020,3;000020,4
202020,4;402020,1;202020,2;402020,1;202020,4;402020,1;202020,2;402020,2;404020,1;604020,2;404020,1;604040,1;604020,6;402020,1;404040,1;604040,1;806040,1;404020,3;202020,1;402020,4;404020,1;402020,2;404020,1;402020,1;404040,1;404020,2;604040,2;606040,1;604040,2;806040,1;604040,1;806040,5;A06040,1;A08040,1;A06040,1;806040,4;A08040,1;A06040,6;806040,1;604020,1;404040,3;606040,1;604040,1;404040,4;604040,4;404020,1;604040,2;806040,6;604040,1;806040,1;604040,1;806040,2;604040,5;604020,1;804040,2;806040,1;604040,1;404040,1;402040,1;202040,1;404040,1;202040,1;402040,1;202020,1;202040,1;202020,3;202040,2;202020,2;002020,1;202020,5;002020,16;000020,10
202020,4;402020,2;202020,1;402020,1;202020,4;402020,1;202020,1;402020,1;404020,1;402020,1;604020,4;404020,1;402020,2;404020,1;402020,1;404040,1;404020,3;402020,2;404020,1;404040,1;404020,2;202020,9;404040,1;404020,1;402020,1;404040,1;604040,1;606040,1;604040,2;806040,3;604020,1;606040,1;806040,16;606040,1;604040,1;404040,4;402020,1;402040,1;402020,1;402040,1;404040,2;404020,1;604040,4;404020,1;604040,1;604020,2;806040,1;606040,1;604020,1;604040,2;404020,1;604040,1;604020,1;404020,2;402020,1;604040,2;404020,2;404040,1;404020,1;402020,2;202020,1;202040,1;202020,2;202040,1;202020,1;202040,2;202020,2;202040,1;202020,2;002020,1;202020,2;002020,11;000020,2;002020,5;000020,12
202020,4;402020,1;404020,1;202020,2;202000,1;202020,3;404020,1;402020,1;404020,1;604040,1;404020,1;604020,1;806040,1;604020,1;402020,2;202020,1;402020,6;202020,2;402020,1;404020,1;404040,1;402020,1;202020,4;402020,1;202020,2;402040,1;202020,2;404040,1;404020,1;404040,1;402020,1;404040,1;604040,1;604020,1;606040,1;806040,3;604020,1;806040,10;804020,1;806040,1;606040,1;604020,2;606040,1;806040,2;604020,1;404040,1;402020,1;404040,1;404020,1;402040,1;202020,3;202040,1;404020,1;402020,1;404040,1;604040,1;402020,1;404020,2;402020,1;404040,1;404020,1;604020,1;604040,2;404040,1;604040,1;402020,1;404040,1;404020,3;404040,1;404020,1;604040,2;404020,1;404040,2;202040,3;202020,12;002020,12;000020,4;002020,2;000020,1;002020,2;000020,12
200000,1;202020,11;402020,1;202000,1;402020,1;404040,1;404020,2;402020,1;202000,1;404020,1;402020,1;404020,1;402020,1;404020,3;402020,1;202020,5;404020,1;202020,7;402020,2;202020,6;404040,1;404020,1;604020,1;606040,1;604020,1;606040,1;604020,1;604040,1;806040,5;604020,1;806040,4;604020,1;606040,1;604020,1;404020,1;604040,1;604020,1;606040,1;806040,1;604020,1;404040,1;404020,1;402020,1;404040,1;202020,3;202040,2;404040,1;202020,1;402020,1;404020,1;402020,1;404020,1;402020,5;404040,1;404020,1;404040,1;202020,2;402020,1;404020,1;402020,1;404040,2;202020,1;404020,1;604040,1;404040,1;202020,9;002020,18;000020,23
202020,6;402020,2;202020,1;402020,2;202020,2;402020,1;202020,6;402020,1;202020,2;402020,3;202020,4;404020,1;402020,1;202020,1;402020,1;202020,15;404040,1;402020,1;604040,2;604020,4;604040,2;806040,1;606040,1;604020,2;604040,1;806040,2;604040,2;606040,1;604040,1;404020,4;604020,4;604040,1;404020,1;202020,6;402020,1;202020,1;402020,2;202020,1;402020,1;202020,1;402020,1;202020,2;402020,2;404040,1;402020,1;202020,3;402020,1;404040,1;404020,1;402020,1;404020,1;604040,1;402020,1;202020,5;002020,17;000020,21;000000,7
202020,7;202000,1;202020,1;402020,2;202020,1;200000,1;202020,1;402020,1;202020,1;404020,1;202020,2;402020,3;202020,1;402020,1;202020,5;402020,2;202020,1;404020,1;202020,3;402020,1;202020,12;402020,3;404020,2;604020,8;604040,2;606020,1;604040,1;404020,2;604020,1;404020,2;402020,2;404020,5;404040,1;402020,1;202020,17;402020,3;202020,4;402020,1;202020,1;402020,1;404020,1;402020,1;202020,1;002020,22;000020,5;000000,23
002020,1;000020,1;202020,2;000020,1;002020,1;000020,2;202020,1;402020,1;000020,1;202020,1;002020,2;000020,3;002020,2;000020,3;202020,1;002020,1;202020,1;000020,1;202020,1;000020,3;202020,1;000020,3;002020,5;202020,1;002020,5;202020,1;002020,1;202020,5;002020,1;202020,1;002020,8;202020,1;002020,63;000020,32;000000,2
202020,5;000020,1;202020,2;000000,1;202020,3;002020,1;000020,2;002020,1;000020,1;202020,2;000020,1;002020,3;000020,3;202020,3;000020,4;002020,5;202020,2;002020,3;202020,3;002020,2;202040,1;404040,1;202040,1;202020,1;002020,9;202020,2;002020,65;000020,31;000000,1
000020,1;202020,1;002020,1;202020,5;002020,1;000020,1;202020,2;000020,1;202020,2;002020,1;000020,1;202020,1;002020,2;000020,1;002020,1;202020,1;000020,2;002020,1;202020,2;000020,1;002020,1;202020,1;002020,3;202020,1;002020,3;202020,2;002020,2;202020,3;202040,1;202020,1;202040,1;202020,1;002020,1;202020,1;002020,1;202020,1;002020,4;202020,4;202040,1;202020,1;002020,2;202040,1;202020,2;002020,63;000020,29
202020,3;002020,1;202020,1;000020,1;002020,1;000020,2;002020,1;202020,1;002020,1;202020,1;002020,1;000020,3;002020,1;202020,1;002020,1;202020,1;202040,1;202020,3;000020,1;002020,1;202020,1;002020,5;202020,1;002020,4;202020,5;002020,1;202020,1;002020,1;202040,1;202020,1;202040,3;002020,1;202040,1;002020,4;202040,2;002020,3;202040,1;002020,2;202040,1;002020,6;002040,1;002020,60;000020,27
202020,1;202040,1;202020,2;002020,1;202020,2;002020,1;000020,1;002020,2;202020,3;202040,1;002020,1;202020,2;000020,1;002020,1;202020,2;002020,1;000020,1;002020,1;202040,1;002020,4;204040,1;202040,1;202020,1;202040,1;202020,7;002020,1;202020,1;002020,1;202020,1;202040,1;202020,2;002020,1;204040,1;202040,1;002020,5;202040,2;202020,1;202040,1;002020,1;002040,2;202040,1;002020,7;202040,1;002020,63;000020,25
202020,4;000020,1;202020,6;002020,1;000020,1;202020,2;002020,1;202020,2;000020,1;202020,2;002020,1;202040,1;000020,1;202020,2;002020,1;000020,1;202020,7;002020,2;202020,4;002020,1;202040,1;202020,1;202040,4;202020,1;202040,1;002020,1;002040,1;202040,1;002020,1;202040,3;202020,1;002020,2;202040,2;002040,5;002020,4;202040,1;002040,20;002020,2;002040,1;002020,41;000020,24
200020,1;000020,3;202020,1;000020,1;202020,1;000020,2;202020,3;204040,1;002020,1;202020,2;000020,1;202020,1;002020,1;202040,1;202020,4;002020,4;202020,4;002020,3;202020,3;002020,1;202020,3;202040,1;202020,1;202040,2;406060,1;204040,1;202040,3;002020,4;202040,3;002020,1;202040,1;002040,3;202040,2;002040,2;202040,1;204040,1;002040,1;202040,1;002040,30;002020,37;000020,22
202020,4;002020,2;000020,1;002020,1;202020,3;000020,1;202020,2;002020,1;202020,6;002020,1;202020,3;202040,1;002020,3;202020,1;002020,1;202040,1;002020,1;202040,1;202020,1;002020,1;202020,3;202040,1;202020,2;202040,2;202020,4;202040,2;002020,1;002040,1;002020,1;202040,3;002040,1;202040,7;002040,1;202040,2;002040,1;202040,1;204040,1;002040,35;002020,35;000020,20
200020,2;000020,2;202020,1;000020,1;202020,6;002020,2;202020,3;002020,1;202020,4;002020,3;202020,1;202040,1;202020,10;202040,1;202020,2;202040,3;204040,1;202040,2;202020,1;404040,1;202040,11;002040,1;202040,4;204040,2;202040,1;204040,1;202040,3;002040,1;202040,1;002040,36;002020,32;000020,19
000020,3;002020,1;202020,11;204020,1;404040,1;202020,1;002020,1;202020,2;002020,2;202020,1;002020,1;202020,3;002020,4;202020,1;202040,2;202020,1;404040,1;204040,1;202020,2;202040,4;404040,1;202040,2;404040,1;202040,2;002040,1;002020,1;202040,6;002040,2;202040,5;204040,1;202040,5;002040,6;202040,3;002040,31;002020,31;000020,18
202020,1;000020,1;202020,1;000000,1;202020,2;002020,2;202020,4;002020,1;000020,1;202020,3;404040,1;204020,1;202020,1;202040,1;202020,2;002020,3;202020,1;002020,3;202020,1;002020,1;202020,1;202040,1;202020,2;002020,3;202040,5;204040,1;202040,2;204040,1;202040,14;204040,1;202040,2;204040,1;202040,1;204040,1;202040,1;404060,1;202040,24;002040,20;002020,29;000020,17
202020,1;002020,4;202020,2;000020,1;202020,4;202040,1;202020,6;404020,1;404040,1;202020,2;202040,1;002020,2;202020,1;202040,1;202020,4;002020,2;202020,1;202040,2;002020,1;202020,1;204040,1;202040,1;204040,2;202040,12;204040,1;202040,2;204040,1;404060,2;204060,1;202040,5;204040,1;202040,30;002040,19;002020,27;000020,16
002020,7;202020,4;404040,1;202020,2;404020,1;202020,1;404020,1;202020,1;404020,1;202020,12;202040,1;202020,4;202040,2;202020,1;204040,1;202040,3;204040,1;202020,1;202040,1;404040,1;202040,1;204040,1;404040,1;202040,4;204040,2;202040,2;406060,1;404040,1;202040,1;204060,1;202040,40;002040,8;202040,2;002040,6;002020,28;000020,14
202020,2;002020,4;202020,3;202040,1;404040,1;202020,2;404020,2;202020,1;402040,1;202020,2;606040,1;202020,1;404040,1;202020,4;204040,1;202020,5;202040,1;204040,1;202020,1;202040,1;204040,1;202020,1;202040,1;202020,2;202040,1;404040,1;202040,1;202020,1;404040,1;404060,1;202040,9;204040,2;404060,1;406060,1;404040,1;204040,1;204060,3;404060,1;204060,1;202040,1;204060,1;202040,1;204040,1;204060,1;202040,41;002040,2;202040,2;002040,4;202040,1;002020,25;000020,2;002020,1;000020,2;002020,4;000020,4
002020,4;202020,1;002020,1;202020,2;002020,1;202020,1;404040,1;202020,2;402020,1;202020,1;404040,1;402040,1;202020,2;404040,1;202020,1;404040,1;202020,5;202040,3;204040,1;202040,2;202020,1;202040,1;404040,1;204040,2;202020,1;202040,3;404040,1;202040,1;202020,1;202040,7;204040,3;202040,1;404060,5;404040,1;404060,1;202040,1;404060,2;202040,2;204060,3;202060,1;202040,1;202060,1;202040,47;002040,1;002020,1;202040,1;002020,2;202020,1;002020,26;000020,1;002020,1;000020,1;002020,1;000020,3
002020,2;000020,1;202020,1;002020,1;202020,7;404020,1;404040,1;404020,1;202020,1;404040,1;202020,1;404040,1;202020,1;404040,1;202020,1;404040,1;202020,3;404040,1;202040,1;202020,3;202040,5;404040,2;202040,3;404040,1;202040,11;404060,4;202040,1;404060,2;406060,1;404060,1;202040,4;204060,1;404060,2;204060,4;202040,1;202060,5;202040,1;202060,1;204060,3;202060,4;202040,33;002040,2;202040,3;002020,2;202020,1;002020,28;000020,3
202020,1;204040,1;002020,1;202020,2;002020,1;202020,3;404040,1;202020,2;404020,1;404040,1;202020,2;404040,2;402020,2;404020,1;404040,1;402020,1;202020,1;202040,2;202020,2;204040,1;202020,2;202040,1;204040,1;404040,1;204040,2;404040,1;202040,1;404040,1;202040,1;404040,1;204040,1;404040,1;202040,3;204040,1;202040,3;204040,1;202040,1;404060,4;204040,1;404060,2;606060,2;404060,1;404040,1;404060,1;204060,1;404060,3;204040,2;204060,4;202060,2;204060,1;202060,1;204060,1;202060,2;204060,2;202060,10;202040,31;202020,8;002020,1;202020,2;002020,24;000020,1
202020,7;404040,1;404020,1;404040,1;202020,2;404040,1;202020,1;404040,1;202020,3;404040,1;404020,1;402020,2;404020,1;404040,1;202040,2;204040,1;202040,3;202020,1;204040,1;202040,9;404040,1;204040,2;202040,5;204040,4;404060,2;404040,1;404060,1;404040,1;406060,1;404060,1;606060,1;404060,2;606060,1;406060,1;606060,1;806060,1;404060,3;204060,10;202060,2;204060,1;202060,3;204060,5;202060,6;202040,30;202020,5;002020,1;202020,5;002020,22
202020,9;404020,1;202020,1;204020,1;202020,3;404040,1;202020,2;404020,1;604040,2;402020,1;404040,1;202020,1;204040,1;202040,1;202020,2;202040,1;404040,1;202040,1;404040,1;202040,3;204040,1;202040,1;204040,1;202040,1;404040,1;204040,1;404040,1;202040,7;204040,1;404040,2;404060,1;606060,2;404040,1;606060,2;604060,1;606060,1;604060,1;808080,1;604060,2;806060,1;A08080,1;606060,2;406060,1;404060,4;606080,1;406060,1;404060,1;204060,2;404060,2;204060,3;202060,1;204060,7;202060,1;204060,2;202060,5;204060,2;202040,27;202020,13;002020,1;202020,1;002020,3;202020,2;002020,12
202020,8;404040,3;404020,1;202020,1;404040,2;404020,1;202020,1;404020,2;404040,2;202020,1;402020,1;202020,1;404040,1;202040,1;204040,1;202040,3;204040,1;202020,1;202040,2;202020,1;404040,2;202040,1;204040,1;202040,1;204040,2;202040,1;204040,1;202040,4;204040,1;404060,1;406060,1;606060,1;604060,1;606060,1;404040,1;606060,1;604060,1;606060,2;808080,1;606060,1;808060,2;808080,1;806060,1;A08080,1;808080,1;606060,2;404060,1;406060,1;404060,2;606080,1;404060,2;204060,1;404060,1;404080,1;404060,2;406080,1;204060,18;202060,1;202040,3;202060,2;204060,1;202040,25;202020,12;002020,2;202020,3;002020,11
404020,1;202020,10;404040,2;202020,1;404040,1;202020,2;404040,2;402020,1;404040,2;402040,1;202020,2;202040,3;404040,2;202040,1;204040,2;202040,1;204040,1;404040,1;202040,4;204040,1;202040,1;204040,1;202040,3;204040,1;202040,1;204040,3;404060,1;606040,1;604060,1;606060,1;808060,1;604060,1;406060,1;404060,2;808080,1;606060,1;806080,1;A08080,1;606060,4;604060,1;606060,1;606080,3;606060,1;606080,1;404060,3;406080,1;404060,2;406080,1;404060,3;204060,16;202060,1;204060,8;202040,21;202020,14;002020,1;202020,5;002020,9
202020,6;404040,1;202020,4;404040,1;202020,1;404020,1;404040,1;202020,1;402040,1;404040,1;402020,1;404040,1;404020,1;404040,4;202020,1;202040,2;404040,1;404020,1;202020,1;202040,1;404040,2;204040,1;202040,3;204040,1;202040,1;204040,2;202040,2;204040,2;204060,2;404060,3;606060,1;406060,1;604060,1;404060,7;406060,1;606060,1;806080,1;808080,2;806060,1;808080,1;606060,3;806080,1;808080,1;606080,1;406060,1;404060,4;406080,1;606060,2;404060,1;406080,1;406060,1;404060,1;204060,1;404060,1;204060,1;404080,1;204060,22;202040,19;202020,21;002020,8
202020,13;404040,1;202020,1;404040,1;202020,3;606040,1;404040,2;402020,1;402040,1;202040,1;404040,1;202040,1;402040,1;404040,7;202040,5;204040,1;404060,1;202040,4;204040,2;204060,2;404060,3;606060,3;204040,1;204060,5;606080,1;606060,1;406060,1;808080,1;808060,1;806060,2;404060,1;406060,1;606060,2;404060,1;406080,2;404080,1;404060,2;606080,2;606060,1;404060,1;606080,1;404060,1;204060,1;404080,1;204060,2;404060,1;204060,2;404060,2;204060,5;404060,3;204060,6;404060,1;204040,1;204060,2;202040,18;202020,23;002020,7
202020,5;404020,1;202020,1;402040,1;404040,1;402040,1;202020,1;404040,2;202020,2;402020,1;202020,2;604040,1;404040,1;404020,2;404040,5;202040,1;202020,1;204040,1;202040,1;204040,1;202040,1;404040,1;404060,1;404040,2;202040,1;204040,1;202040,1;204040,2;202040,3;204040,3;404060,5;606060,3;406060,1;404060,1;204060,2;404060,1;606060,1;A08060,2;606060,1;806060,1;808060,1;C08080,1;806060,1;606060,1;406060,1;A08080,1;606060,1;404060,3;606080,1;404060,1;406060,1;606060,1;806080,1;606060,1;404060,1;606060,1;808080,1;404060,1;204060,1;404080,1;404060,1;204060,1;404060,1;204060,5;404060,2;204060,1;404060,3;204060,2;404060,8;204060,1;202040,19;202020,22;002020,3;202020,1;002020,2
202020,5;402040,1;202020,1;404040,3;404020,1;606040,2;402020,1;404040,4;604040,1;402040,1;404040,3;604060,1;604040,1;404020,1;404040,2;202020,1;204040,1;202020,1;404040,4;204040,1;404040,1;202040,1;404040,1;202040,1;204040,1;404040,3;404060,2;204040,1;404040,1;404060,3;406080,1;606060,1;806060,1;606060,1;808060,2;404060,1;204060,1;404060,1;606060,1;808080,1;A08060,1;C08080,1;A0A080,1;C0A080,1;C08080,1;C0A080,1;A06060,1;606060,1;406060,1;806080,1;606060,1;404060,1;606080,2;806080,1;406060,1;406080,1;606080,1;606060,1;606080,1;404060,1;606080,1;606060,1;404060,2;404080,1;406060,1;404060,1;406060,1;404060,3;204060,2;404060,11;406060,1;404060,4;204040,2;202040,19;202020,22;002020,2;202020,3
202020,4;404040,1;202020,8;402020,1;202020,1;404040,2;402020,1;404020,1;604040,1;404040,1;604040,1;404040,1;402040,1;404040,4;202040,4;404040,3;404060,1;204040,1;404040,1;204040,3;202040,1;204040,1;202040,1;204040,2;404040,1;404060,1;204040,1;404060,2;608080,1;606060,2;808060,1;A08060,1;A0A080,1;606080,1;404060,4;A08080,1;C0A080,3;A08060,1;C0A080,1;A08080,1;808080,1;806080,1;808080,1;806060,1;606060,1;806080,2;606060,5;808080,1;606060,1;808080,1;806060,1;606060,1;404060,2;606060,2;606080,2;404060,1;406060,1;606060,1;606080,1;606060,2;808080,1;808060,1;808080,1;606060,2;406060,3;606060,1;606080,1;404060,5;204060,2;202040,1;204040,1;202040,16;202020,27
202020,4;402020,1;202020,4;402040,1;202020,1;202040,1;202020,1;404060,1;202020,2;402040,1;604040,1;606040,2;604040,1;402020,1;202020,2;404040,1;202020,1;606060,1;404040,1;204040,1;404040,6;404060,1;404040,1;404060,1;204040,1;202040,1;404040,2;404060,3;204040,1;404060,1;606060,1;404060,2;606060,4;A08060,3;808080,2;606060,2;806060,1;A08080,1;C0A080,1;C0A060,1;C0A080,2;E0C080,1;C0A080,3;A08080,1;C0A080,1;C08080,2;A08080,2;806060,1;A08080,1;C0A080,1;A08080,3;806060,1;A08080,1;806060,2;606060,4;808080,1;606060,5;806060,1;808080,1;808060,1;A08080,1;808080,3;404060,1;606060,2;404060,2;606060,1;806060,1;806080,1;404060,4;204040,1;202040,16;202020,27
202020,3;202040,1;202020,4;202040,3;402040,1;202020,1;404040,1;202020,2;606040,1;604040,1;606040,2;604040,1;404040,1;202020,1;404040,2;604040,1;404040,6;404020,1;604040,1;404040,1;202040,1;404040,3;204040,2;404040,1;202040,1;404060,1;204040,1;404040,1;606060,1;404040,1;404060,2;606060,4;806060,1;A08080,5;C08080,1;C0A080,2;C08060,3;E0A080,1;C0A080,3;C08080,4;A08080,1;C08080,1;C0A080,1;A08060,1;A08080,2;806060,1;A08060,1;806060,1;A08080,1;A08060,1;808080,1;A08080,2;806080,2;806060,1;606060,2;806080,2;808080,1;A08080,2;A0A080,1;A08060,3;A08080,1;808060,1;808080,1;606060,4;806060,1;A08060,1;806060,1;404060,1;404040,1;404060,1;204040,1;404040,2;204040,2;202040,1;204040,2;202040,1;204040,1;202040,9;202020,26
202020,7;404040,1;202020,7;404020,2;402020,1;604040,1;202020,1;402020,1;404040,2;404020,1;606040,1;604040,1;606040,1;404040,5;402020,1;606060,1;404040,7;606060,2;604040,1;606060,2;808060,2;606060,1;604060,1;606060,1;806060,1;606060,1;806060,2;A08060,2;808060,1;C0A080,1;A08060,1;C08080,1;C0A080,1;E0A080,2;C0A080,1;C08060,1;C0A080,1;E0A080,2;C0A080,1;C08060,1;C0A080,8;C08080,1;A08080,3;806060,2;A08080,1;808080,1;806060,1;806080,2;806060,1;808080,1;A08080,6;C0A080,1;A08080,1;C0A080,1;A08080,2;806060,1;806080,1;606060,2;806060,1;A08060,1;806060,1;A08060,1;606060,1;604040,1;404040,2;404060,1;404040,1;404060,1;204040,1;202040,2;204040,1;202040,5;204040,1;202040,5;202020,27
202020,14;404040,1;202020,1;402020,1;404040,2;202020,1;402040,1;202040,1;202020,1;404040,1;402020,1;404040,2;404020,1;402020,1;604040,2;404040,1;604040,1;404040,3;404060,1;404040,1;604040,1;606060,1;404040,1;606040,1;604040,1;404040,1;806060,1;808060,1;806060,1;808060,1;604040,1;808060,1;606060,1;606040,1;806060,1;606060,1;808080,1;806060,1;808060,1;806060,1;A08080,1;A08060,1;A08080,1;C08080,1;C0A060,1;E0A080,1;C0A080,1;C0A060,1;C0A080,1;E0A080,1;C0A060,1;C0A080,1;E0A080,2;E0A0A0,1;C0A080,1;E0A080,1;E0C0A0,1;E0A080,1;C0A080,4;A08060,2;A08080,1;806060,1;A08080,1;806060,1;A08080,1;806060,1;A08080,1;C0A080,1;A08060,1;A08080,2;A08060,1;C0A080,1;A08080,1;C0A080,2;C08080,1;C0A080,1;A08060,2;A08080,1;806060,1;A08060,1;806060,2;A08060,2;A06060,1;806040,1;606040,1;604040,1;404040,1;604060,1;404060,1;204040,2;202040,7;404040,2;202040,7;202020,25
202040,1;202020,1;404040,1;202020,2;404040,1;202020,6;404040,1;202020,3;404040,1;404020,1;404040,1;202020,1;402040,1;202040,1;202020,1;404040,1;604040,3;806060,1;404040,1;604040,1;806040,1;404040,4;604040,1;404040,1;606040,3;604040,1;606040,1;806060,4;A08060,1;806060,1;606060,2;806060,1;606060,1;806060,1;806040,1;806060,4;A08060,2;C0A060,1;C08060,3;C0A060,2;C0A080,1;C0A060,1;C0A080,1;E0A080,3;C0A080,2;E0A080,1;E0C080,1;E0C0A0,2;C0A080,1;C08080,1;A08060,5;A08080,4;C0A080,1;E0A0A0,1;A08060,1;C0A080,2;A0A080,1;C08060,1;C0A080,1;C08080,1;C08060,1;C0A080,1;A08060,3;A06060,1;A08060,1;A0A080,1;A08060,1;C08080,1;A08060,1;A08080,1;A08060,2;806040,1;606060,2;604040,1;404040,2;204040,1;202040,7;404040,1;202040,8;202020,25
202020,4;404040,1;202020,3;202040,1;202020,7;402020,1;202020,1;404040,1;404020,1;402020,1;606040,1;404040,2;604040,2;404020,1;604040,3;606040,1;404040,2;606040,2;404040,1;806040,1;806060,1;606040,1;806060,1;806040,1;606040,1;806040,1;806060,1;604040,1;606040,1;806060,1;806040,1;806060,1;A08060,1;806040,1;806060,1;A08060,2;A08080,1;A08060,2;808060,1;806060,1;A08060,1;C08060,3;C0A060,1;E0A080,1;E0A060,1;E0C080,2;C08060,1;C0A060,1;C0A080,1;E0A080,1;C0A060,1;E0A080,1;C0A080,1;E0C080,1;C0A080,3;A08060,2;806060,1;A08080,4;A08060,1;A08080,1;A08060,1;C0A080,4;C0A060,1;A08060,1;C0A080,1;C08080,1;C0A060,1;C0A080,1;C0A060,1;C08060,1;C0A080,1;A08060,3;A08080,2;806060,1;C0A080,1;A08060,2;A06040,1;A08060,1;806060,1;604060,1;604040,1;404040,3;202040,6;404040,3;202040,8;202020,24
202020,1;404040,1;202020,1;404040,1;202020,1;404040,1;202020,6;202040,2;202020,1;404040,1;402040,1;404040,2;604040,8;606040,3;604040,1;606040,1;604040,1;404040,1;604040,1;606040,1;806040,1;604040,2;606060,1;806060,1;806040,1;806060,2;806040,1;806060,1;806040,2;806060,3;808060,1;A08060,7;C08060,3;C0A080,1;C0A060,1;E0A060,1;E0A080,1;E0A060,1;E0A080,1;C08060,1;C0A060,1;C08060,2;C08080,2;A08060,1;C08080,1;C08060,1;A06060,1;A08060,1;A06060,1;A08060,2;A08080,1;A06060,1;806060,1;A08080,2;A08060,2;E0C0A0,1;E0E0A0,2;E0C080,1;C0A080,2;C0A060,1;C08060,1;C0A060,1;E0A080,2;C08060,3;A08060,1;A06060,2;A08060,1;806060,1;A08060,3;C0A080,1;A08060,1;806060,1;606060,2;404040,1;604060,2;404040,7;606060,1;202020,1;202040,3;404020,1;404040,1;202040,2;202020,25
404020,1;202020,2;404040,1;202020,4;404020,1;202020,3;404040,1;202020,1;404040,1;404020,1;404040,1;604040,1;404040,1;404020,1;604040,1;806040,1;606040,1;604040,1;604020,1;806040,5;606040,1;806060,1;606040,1;604040,2;606040,3;604040,1;606060,1;806040,1;606040,2;806060,1;806040,3;806060,2;606040,1;806060,1;808060,1;A08060,6;C08060,1;C0A080,1;C0A060,1;C0A080,1;C08060,3;E0A060,1;C0A080,1;C08060,2;C0A080,1;A08060,2;C0A080,1;C08060,1;C0A060,1;C08060,2;A08060,3;A06060,1;A08060,3;806060,2;A08060,3;C0A080,1;E0E080,1;E0C080,2;E0A080,2;C0A060,1;C0A080,1;C0A060,1;E0A060,1;E0A080,1;E0A060,1;C0A060,1;E0A060,1;A08060,3;806040,2;C0A080,1;C08060,3;A08060,1;806040,1;806060,1;604040,1;806060,1;606040,1;604040,1;404040,3;402040,1;606040,1;402040,1;404040,2;604040,1;202040,1;402020,1;604040,1;806040,1;A06040,1;604040,1;402040,1;202040,1;202020,4;404020,1;402020,1;202040,1;202020,5;404040,1;202020,11
604020,1;404020,1;806040,1;606040,1;404020,1;202020,2;606040,1;402020,1;202020,2;402020,1;404040,2;404020,3;402020,2;604040,1;606040,1;604040,1;606040,1;604020,1;806040,3;604020,1;806020,1;604040,1;806040,2;A08060,1;806040,2;604040,2;404020,1;404040,2;604040,2;404020,1;604040,1;606040,1;806060,1;A08060,1;806060,1;806040,2;806060,1;808060,1;806060,2;806040,1;A08060,3;C0A080,1;E0C080,3;C08060,1;C0A060,2;E0A080,1;C0A060,1;C08060,2;C0A060,1;A08060,2;C0A060,1;E0A080,2;C0A060,1;C08060,1;A08060,1;A06060,1;A08060,5;A08080,1;A08060,2;C08080,1;A08060,1;C08060,1;E0C080,1;E0C060,2;E0A060,1;C0A060,1;E0A060,1;C0A060,1;E0A060,4;C08060,2;C0A060,1;A08060,2;A06060,1;A08060,1;C08060,1;C0A060,1;C08060,1;A08060,4;806040,1;604040,1;606040,1;806040,1;604040,1;604020,1;604040,1;806060,1;604040,1;606040,2;604040,2;806040,1;C0A060,1;C08040,1;A08040,1;C08040,1;A08040,1;404040,2;404020,2;604040,1;806040,2;804020,1;604040,1;806040,2;804040,1;806040,1;806020,1;606020,1;404040,1;202020,10
606020,1;604020,3;402020,2;404040,2;606040,1;404040,1;402020,1;404040,2;604020,1;806040,2;604040,2;404020,1;604040,1;806040,1;604040,3;604020,1;806040,1;A06040,1;A08040,1;806020,1;606040,1;806040,2;A08060,1;806040,1;604020,2;606040,1;604040,1;404040,3;604060,1;606040,1;806060,2;604040,1;806060,2;806040,2;806060,1;606040,1;806060,1;808060,1;806060,1;A08080,1;A08060,1;C08080,1;A08060,1;C08060,1;C0A060,1;E0C080,2;E0A080,1;E0A060,3;C08060,1;A08040,1;C08060,1;C0A080,1;E0A080,1;C0A060,1;E0A080,2;C0A060,1;C08060,2;A08060,2;C0A080,2;C08080,1;A08060,1;C08060,1;A08060,1;C08080,1;C08060,1;A08060,1;A06060,1;A08060,1;E0C080,3;E0A060,8;C0A060,4;C08060,1;C0A060,1;C08060,1;C0A080,1;C08060,1;806040,1;A08060,2;806040,4;A08060,4;A08040,2;A08060,2;806040,1;C08060,1;E0A060,2;E0A040,1;C0A040,1;E0A060,1;C08040,1;606040,1;806040,1;604020,2;A08040,2;806020,2;A06040,2;A06020,1;C08040,1;C0A060,1;A08040,2;604040,1;202020,2;402020,1;606040,1;806040,2;404040,1;202020,3
604020,2;806040,1;604020,1;402020,1;404020,1;404040,1;202020,1;402020,3;404020,3;604020,1;604040,1;404020,1;604040,1;604020,1;604040,1;806040,4;A08040,1;C0A060,3;A08040,1;806040,1;A08040,1;A06040,1;604020,1;806040,1;604040,1;604020,1;604040,2;604060,1;404040,1;604040,1;404040,1;604040,2;A08060,1;604020,1;806040,1;606040,1;806040,4;806060,2;806040,1;A08060,1;C08060,1;C0A080,1;C08060,3;E0A060,2;E0C060,4;E0A060,1;E0C060,1;E0A060,1;E0A080,1;E0C080,5;E0A080,1;C0A060,3;C08060,1;C0A060,1;C08060,1;C0A080,1;C08060,1;A08060,2;C0A060,1;C08060,1;C0A060,1;C08060,2;E0A060,1;E0C080,3;E0C060,2;E0A060,1;E0C060,1;E0A060,2;C0A060,1;E0A060,1;C0A060,3;C08040,1;C0A080,1;A08040,1;A06040,2;806040,1;A06040,1;806040,1;A08040,1;C0A080,1;A08060,1;C0A060,2;E0A060,2;C08040,2;C08060,1;C08040,1;C08060,1;E0A060,1;E0C060,3;E0A040,1;E0A060,1;A08040,2;A06040,1;806040,1;806020,1;A06040,1;C0A060,1;A08040,2;C08040,1;A06040,1;A08040,2;C08040,2;C08020,1;806020,1;806040,1;A06040,1;A08040,1;A06020,1;C08040,3;808040,1;604020,1;604040,1
806040,1;604020,1;806040,2;604020,1;604040,2;404020,1;402020,1;604040,1;404020,1;604040,1;606040,1;604040,1;806040,3;808040,1;806040,1;A08040,4;C08060,1;C0A060,1;E0C060,2;C0C060,1;E0C060,1;C0A040,1;A08040,1;A08060,1;806040,1;806060,1;806040,2;604040,2;606060,1;606040,1;806040,3;808060,1;A08060,3;806040,1;A08060,1;C08060,1;A08040,1;A08060,4;C0A060,3;E0C080,7;E0C060,2;E0C080,1;E0E080,1;E0C080,1;E0E080,4;E0C080,1;E0E080,1;E0C080,2;E0E080,1;E0E0A0,1;E0C080,5;C0A060,3;C08060,1;C0A060,3;E0C080,5;E0C060,2;E0C080,3;E0A060,1;E0C080,1;E0A060,2;C0A060,2;E0A080,1;C0A060,1;C08060,3;C0A060,5;E0A060,4;E0C060,2;C0A060,1;E0A060,1;C0A060,1;E0C060,3;C08040,1;C08020,1;E0A040,1;C0A040,1;E0A060,1;C0A060,2;C08060,1;C0A060,7;C0A040,1;C08020,1;C08040,3;A08040,1;C08040,1;C0A040,4;E0A040,1;C0A040,3
604020,1;806040,2;604020,1;404020,1;402020,1;404020,2;604040,1;402020,1;202020,1;402020,1;604020,1;404020,1;604040,1;604020,1;404020,1;604040,2;604020,2;804040,1;604020,1;604040,1;806040,1;A08040,1;E0A060,1;C0A060,1;A08040,1;804020,1;806040,1;804040,1;806040,1;606040,1;604020,1;604040,1;606040,1;604040,1;404020,2;404040,2;806040,1;606040,1;806040,1;604040,1;606040,2;806040,2;A06040,1;806040,1;604040,1;806040,3;A08060,1;C08060,1;A08060,2;A06040,1;A08040,1;C08040,1;C0A060,3;C08040,1;C0A060,1;E0A060,3;E0C060,1;E0A060,1;E0C080,1;E0A060,2;C0A060,1;C08060,2;C0A060,1;C08060,1;A08060,2;C0A060,1;C08060,1;A08060,4;806040,1;A08060,1;A08040,1;C08060,1;E0A060,1;C0A060,1;C08060,1;E0A060,1;C08040,2;C0A060,1;E0A060,2;C08060,2;C0A060,1;C08060,1;C08040,1;A06040,1;C0A060,1;806040,3;604040,1;804040,3;806040,2;C08040,1;C08060,1;A08040,1;C08040,1;C08060,1;A08040,2;A06040,1;A08040,1;C0A060,1;C0A040,1;E0A060,2;C0A040,1;C08040,1;A06020,1;A08040,1;806020,1;804020,2;A06040,1;A08040,1;806020,1;A06040,1;A08040,2;A06020,2;C08040,2;A06020,1;604020,1;402020,1;604040,1;806020,1;A06040,1;C08040,2;806040,1;604020,1;402020,2
604020,1;806020,1;604020,1;404020,2;402020,3;404040,1;402020,3;604040,1;604020,1;806040,2;604020,2;806040,2;A06040,1;806020,1;604020,2;806040,2;A06020,1;806040,1;806020,1;806040,2;604020,1;604040,1;806040,1;604040,1;402020,1;604020,2;404020,2;604040,3;606040,1;806040,2;808060,1;A08040,1;806040,7;A08060,2;A08040,2;A08060,1;A08040,1;C08060,1;C0A060,1;C08060,1;A06040,1;C08060,2;A08060,1;A06060,1;A08060,1;A08040,1;C08060,1;C0A060,1;C08060,3;A06040,2;806040,1;A06040,1;A08040,1;A08060,1;A06040,2;A08060,1;806040,1;A06040,2;806040,2;A08060,1;C08060,2;C0A060,1;A08040,1;C08040,1;C08060,3;C08040,1;C08060,1;C08040,1;C08060,3;A08060,1;A08040,2;A08060,2;C08060,1;806040,1;A08060,1;806040,1;804040,1;604040,1;806040,2;A06040,1;A08040,1;806040,2;A08040,2;A06040,2;806020,1;A08040,1;C0A060,1;C08040,3;C0A060,1;A08040,1;804020,1;806040,1;604020,2;A06040,1;806020,2;604020,1;804020,1;806040,1;A06040,2;C08040,1;A06020,1;A06040,1;804020,1;202020,3;404020,1;604020,1;404020,1;202020,4
404040,1;402020,1;404020,2;402020,3;404040,1;404020,1;202020,1;404040,1;402020,3;604040,1;604020,4;806040,1;806020,1;804020,1;806040,1;604020,1;806040,3;806020,1;806040,1;806020,1;604040,1;806040,1;604020,2;604040,2;604020,1;604040,1;604020,1;606040,1;806040,1;606040,1;604040,1;606040,1;806040,3;A06040,1;806040,1;804040,1;806040,2;A06040,2;806040,1;A08060,1;A06040,3;A08060,1;C08060,2;A06040,2;A08060,3;A06040,1;806040,1;A06060,1;806040,1;A08060,3;C08060,1;A08060,1;A06040,1;806040,1;804040,1;806060,1;806040,1;806060,2;806040,2;A06060,1;806040,1;A06060,1;806040,2;C08060,1;A08060,1;C08060,1;A08040,2;A06040,2;A08040,2;C08060,1;A08040,3;A06040,3;806040,2;A06040,1;A08040,2;A06040,2;A08040,1;806040,1;604040,1;604020,1;606040,1;806040,2;604020,1;806040,1;604040,2;404020,1;604040,1;404020,1;604020,1;806040,1;C08060,1;A08040,1;C08040,1;A08040,1;A06040,1;604040,1;402020,2;202020,2;404040,1;604020,1;402020,5;806040,1;806020,1;804020,1;604020,1;202020,10
202020,1;402020,1;404020,1;402020,2;202020,8;402020,1;604040,1;402020,1;404020,1;604040,1;606040,1;604020,3;806040,1;604020,2;806040,1;806020,1;604020,3;806040,2;604020,1;404020,1;604020,1;604040,1;604020,1;404020,1;604020,1;606040,1;806040,1;604040,1;806040,7;604040,1;806040,2;A06040,1;806040,6;A08060,1;806040,1;A06040,2;806040,1;A06040,1;806040,1;A08040,2;806040,1;A06060,1;806040,2;A06040,1;806040,1;A06060,1;A06040,1;A08060,1;806040,1;804040,1;806040,4;606040,1;604040,1;806040,4;A08060,1;C0A060,1;A08040,1;C08060,1;A08060,1;804040,1;806040,2;A06040,2;A08060,1;A06040,3;806040,4;604040,1;A06040,2;A08060,1;A08040,1;806040,2;604040,1;604020,1;404020,1;604040,2;402020,1;404040,1;404020,1;404040,2;402020,1;404040,1;404020,1;404040,1;402020,2;604020,1;806040,1;806020,1;604020,1;202020,14;404020,1;202020,11
202020,1;402020,1;404020,2;202020,10;404020,1;402020,1;404020,2;604020,4;404020,3;604020,1;806040,2;604020,2;604040,1;404020,2;604020,2;604040,2;606040,1;604040,1;806040,1;606040,5;604020,1;806040,3;604040,3;806040,6;804040,1;806040,1;804040,2;806040,4;A06040,1;A08060,1;806040,7;A08060,1;806060,1;806040,3;604040,2;606040,1;604040,5;606040,1;A08060,1;C0A060,1;C08060,1;A06040,2;806040,5;A08060,1;806040,2;804040,1;806040,1;604040,4;806040,1;A06040,3;806040,1;604040,2;604020,1;604040,1;404040,3;402020,1;202020,1;402020,1;404040,1;402020,2;604040,1;404020,1;202020,4;402020,1;202020,1;404040,1;202020,14;002020,11
202020,3;402020,1;202020,7;202000,1;202020,5;404020,1;402020,1;404020,1;402020,3;404020,2;604040,1;604020,1;604040,1;404020,1;604020,1;404020,3;604040,2;404020,2;604040,2;604020,1;604040,1;604020,2;604040,3;606040,2;604020,2;604040,1;606040,1;806040,1;606040,1;604040,1;604020,1;806040,1;604040,1;604020,1;806040,2;604040,1;806040,5;A06060,1;804040,1;806040,4;A08060,1;806040,1;A08060,2;A06040,1;604040,3;404040,1;604040,2;404040,1;604040,1;404040,1;606040,1;604040,1;806040,2;808040,1;A08040,1;806020,1;604040,1;606040,1;604040,1;606040,1;806040,1;604040,2;806040,1;604020,1;806040,1;604040,1;806040,2;604020,1;806040,4;604020,1;604040,1;402020,2;202020,10;604020,1;402020,1;202020,19;002020,11;000020,1;002020,1
202020,16;402020,1;404040,1;202020,3;402020,2;404020,3;402020,3;604040,2;404020,1;402020,2;604040,1;404020,6;604040,1;404020,1;402020,2;404020,1;604040,1;404020,2;604040,2;404020,3;604040,2;604020,1;604040,2;606040,1;806040,3;604040,2;806040,9;604040,1;806040,1;A06060,1;806040,1;606040,2;604040,10;806040,1;604020,1;806060,1;806040,1;606040,1;604040,1;806040,1;606040,1;604020,1;806040,1;604040,1;806060,1;604040,1;404040,1;604040,1;806040,1;604040,2;806040,2;604040,1;806040,1;604020,1;402020,3;202020,11;402020,1;202020,8;002020,1;202020,2;002020,12;000020,3;002020,1;000020,5
202020,13;404040,1;202020,3;404020,1;202020,1;402020,1;202020,3;404020,1;604020,1;604040,1;404020,2;402020,1;404020,2;402020,1;404040,1;404020,1;402020,4;404020,1;402020,1;404020,2;604040,1;402020,2;404020,3;402020,2;404020,1;404040,1;402020,2;404020,2;604040,1;604020,1;606040,1;604040,2;806040,12;604040,1;806040,2;604020,1;604040,1;604020,1;604040,2;404020,1;604040,1;404020,1;404040,3;604040,1;404020,1;604040,1;606040,1;404040,1;604040,1;606040,3;604040,2;806040,2;604040,2;404020,1;404040,1;404020,4;604020,1;606040,1;604040,1;604020,1;404020,1;402020,2;404040,1;402020,1;202020,17;002020,15;000020,11
202020,16;202000,1;604040,1;202020,1;402020,2;202020,1;402020,1;202020,1;402020,1;404020,1;402020,2;202020,5;404040,1;402020,1;404020,2;402020,1;202020,4;402020,2;404040,2;604040,1;402020,1;404020,2;402020,1;404040,1;404020,3;604040,1;404020,2;606040,1;404020,1;604020,1;604040,1;806040,2;804040,1;604040,2;806040,1;604020,1;806040,2;604040,1;606040,1;604020,1;604040,2;604020,1;604040,1;604020,1;604040,1;404040,1;404020,5;404040,1;604040,1;404020,1;404040,1;604040,1;404020,1;404040,1;604040,3;604020,1;606040,2;604040,1;606040,3;604040,1;404020,1;402020,3;404040,1;404020,1;604040,1;604020,2;402020,1;202020,1;404040,1;402020,1;202020,12;002020,11;000020,3;002020,5;000020,12
202020,2;402020,1;202020,2;200000,1;202020,1;200000,1;202020,7;402020,1;404020,3;402020,2;202020,4;402020,1;202020,9;402020,1;202020,8;404040,1;404020,1;404040,1;404020,1;402020,1;404040,2;404020,3;402020,1;604040,1;404020,2;604040,1;404020,1;606040,2;604040,1;604020,3;806040,1;604040,4;404020,1;604020,2;404020,1;604040,1;604020,1;404020,3;402020,1;402040,1;402020,2;404020,2;404040,2;404020,2;402020,1;404020,1;202020,1;402020,1;404020,3;604040,1;606040,1;604020,4;402020,1;404020,1;402020,2;404040,1;404020,1;402020,1;604040,1;404020,2;202020,1;402020,2;202020,13;002020,8;000020,8;002020,1;000020,14
200000,1;202000,1;202020,2;202000,2;202020,10;404020,2;402020,2;202020,3;202000,1;202020,2;402020,1;202020,2;402020,1;202020,15;402020,1;404020,1;402020,1;202020,1;402020,2;404020,5;604040,1;606040,1;404020,1;604020,2;606040,1;604040,1;604020,3;806040,1;604040,1;604020,1;604040,2;404020,1;604040,1;604020,1;404020,1;604040,1;604020,1;404020,1;404040,1;404020,2;404040,1;404020,1;404040,1;604040,1;404020,1;402020,2;404040,2;402020,2;202020,1;402020,5;404020,1;604020,1;806040,1;604040,1;604020,1;404040,1;404020,1;402020,2;202020,2;402020,1;404020,3;202020,5;002020,1;202020,7;002020,8;000020,19;000000,7
200000,2;202020,5;402020,2;202000,1;202020,5;202000,1;402020,1;404020,1;202020,1;402020,2;404020,1;202020,1;402020,1;202020,1;402020,1;404040,1;202020,2;202000,2;202020,4;200000,1;202020,1;404020,1;202020,9;402020,1;202020,2;402020,2;404020,4;604020,2;404020,3;604040,1;404020,1;604020,3;606040,1;604020,4;604040,2;404020,9;404040,1;404020,2;402020,1;202020,2;404020,1;202020,2;402020,1;202020,3;402020,1;202020,1;402020,1;404020,1;604020,1;404020,2;402020,2;404020,1;202000,1;402020,1;202020,4;402020,2;202020,5;002020,8;000020,18;000000,16
000020,1;002020,1;202020,1;000020,1;202020,5;002020,1;000020,2;202020,1;000020,1;202020,1;000020,1;202020,2;002020,3;202020,1;000020,1;002020,1;202020,1;000020,3;002020,2;000020,2;202020,1;002020,1;202020,2;202040,1;202020,1;002020,3;202020,2;002020,1;202020,1;002020,1;202020,1;202040,1;202020,1;002020,1;202040,2;002020,1;202020,1;002020,9;202020,1;002020,1;202040,1;202020,5;002020,4;202020,1;002020,50;000020,32;000000,2
000020,1;202020,3;002020,1;202020,1;000020,1;002020,1;000020,3;202040,1;002020,1;000020,1;002020,1;000020,1;002020,1;000020,2;002020,1;202020,2;000020,1;202020,1;002020,1;202020,1;002020,2;000020,2;002020,1;202020,2;000020,1;002020,2;202020,2;002020,2;202020,2;002020,1;202040,1;202020,2;002020,1;202020,4;202040,3;202020,1;002020,1;202020,1;002020,2;202020,1;202040,1;202020,1;202040,2;002020,5;202040,1;002020,1;202040,1;002020,2;202020,1;002020,53;000020,31;000000,1
202020,5;002020,1;202020,1;002020,1;202020,1;002020,1;000020,1;002020,1;202020,1;002020,1;202020,1;202040,1;202020,1;002020,1;202020,1;002020,2;202020,4;002020,2;202020,1;002020,1;202020,1;002020,1;202020,1;202040,1;202020,2;202040,1;202020,7;002020,3;202020,1;202040,1;202020,1;204040,1;202020,1;202040,2;202020,1;002020,4;202020,1;002020,1;202040,5;002020,1;202040,1;202020,1;002020,3;202040,1;002020,2;202040,2;002020,55;000020,29
000020,1;202020,2;000020,1;202020,2;002020,1;202020,1;002020,1;202020,3;000020,2;002020,1;202020,3;002020,3;202020,1;002020,2;202020,1;002020,2;204040,1;202020,2;202040,1;002020,1;202020,3;002020,1;202020,1;002020,2;202040,1;202020,5;002020,1;202020,1;202040,1;202020,1;202040,1;204040,1;202040,1;202020,1;002020,3;202040,1;002020,1;202020,1;202040,2;002020,4;202040,1;002040,1;002020,2;202040,1;204040,1;002020,1;202040,1;002040,2;202040,1;002020,57;000020,27
000020,1;202020,3;000020,2;202020,3;002020,2;202020,3;404040,1;000020,3;002020,3;204040,1;202040,2;202020,2;002020,3;202020,1;002020,1;202020,2;002020,1;202020,1;002020,1;202020,1;002020,1;202020,1;202040,1;002020,1;202020,1;002020,1;202020,2;202040,1;202020,2;202040,1;404040,2;002020,1;202040,1;002020,6;202040,1;204040,1;202040,2;002040,1;002020,4;202040,3;404060,1;002020,1;202040,1;002040,2;002020,59;000020,25
200020,1;202020,4;002020,1;000020,1;002020,1;000020,1;202020,2;204040,1;002020,1;202020,1;002020,1;202020,2;202040,1;202020,5;002020,1;000020,1;202020,2;002020,4;202020,1;002020,2;202020,3;204040,1;202040,1;202020,1;002020,1;202020,2;202040,2;202020,3;204040,1;202040,2;002020,1;202040,1;002020,1;002040,1;202040,8;002020,1;202040,1;002040,1;202040,8;002040,18;002020,2;002040,1;002020,41;000020,24
000020,2;202020,1;002020,1;000020,1;202020,6;000020,1;202020,3;000020,1;202020,3;002020,1;000020,1;202020,1;002020,1;202020,2;002020,1;202040,2;202020,3;202040,1;002020,1;202020,1;002020,1;202040,3;204040,1;202020,1;202040,1;202020,1;202040,1;202020,1;404040,1;202040,4;202020,1;202040,2;202020,1;202040,4;002040,2;202040,7;204040,1;202040,1;204040,1;202040,2;204040,1;202040,1;002040,1;204060,1;002040,26;002020,37;000020,22
002020,2;000020,1;000000,1;202020,9;202040,1;202020,2;404040,1;202020,6;002020,1;202020,1;002020,1;202020,1;002020,2;202020,1;002020,2;202020,2;202040,1;202020,2;002020,1;202040,1;202020,1;202040,1;202020,1;202040,1;202020,2;204040,1;202040,2;202020,1;202040,2;002020,1;202040,11;002040,1;202040,5;204040,1;202040,1;204060,1;202040,3;002040,30;002020,35;000020,20
000000,1;000020,1;002020,1;202020,1;002020,1;000020,2;002020,1;202020,3;404040,1;202020,1;000000,1;202020,12;002020,1;202040,1;002020,1;202040,1;002020,1;202020,2;002020,1;202020,1;002020,1;202040,4;204040,1;202020,3;204040,1;202040,2;202020,1;202040,1;204040,1;202040,19;404060,1;202040,1;204060,2;202040,3;002040,33;002020,32;000020,19
000000,1;002020,3;000020,2;202020,2;002020,1;202020,5;002020,1;202020,8;204020,1;202040,2;002020,5;202020,2;002020,2;202040,1;202020,4;002020,1;204040,1;202020,1;204040,1;404040,1;202040,8;002020,1;202040,7;404060,1;202040,2;204040,1;202040,2;002040,1;202040,2;204040,2;202040,1;002040,4;202040,3;002040,31;002020,31;000020,18
000000,1;202020,1;002020,1;000020,1;202020,9;202040,1;202020,3;404040,3;202020,2;204040,1;202020,1;202040,2;202020,2;202040,4;202020,2;204040,1;202040,1;202020,2;202040,1;002020,1;204040,2;202040,1;202020,1;202040,1;204040,1;202020,2;202040,4;404040,1;202040,4;204040,5;202040,1;204040,1;202040,9;204040,1;202040,20;002040,20;002020,29;000020,17
000020,1;202020,2;002020,1;202020,1;000020,1;002020,2;202020,1;404040,1;202020,9;404040,1;202020,3;002020,1;202020,1;002020,1;202020,5;202040,1;202020,1;202040,1;204040,1;202020,2;202040,6;202020,1;404040,2;202040,2;404040,1;202040,4;204040,1;202040,5;204040,1;404060,1;404040,1;404060,2;204040,1;404060,1;204040,1;404060,2;204060,2;202040,27;002040,19;002020,27;000020,16
202020,2;002020,2;000020,2;002020,1;202020,1;202040,1;202020,5;404040,1;202020,2;404040,1;202020,2;404040,1;202020,3;404040,1;202040,1;202020,1;204040,1;202020,4;202040,1;204040,1;202020,1;202040,4;204040,1;202040,2;202020,1;202040,1;204040,2;202040,1;204040,1;404040,1;202040,1;404040,1;202040,1;204040,1;202040,4;204040,1;404060,1;204040,2;404060,1;204040,1;202040,1;204040,1;202040,1;404060,1;204040,1;204060,1;202040,1;204040,1;202040,2;204040,1;202040,28;002040,8;202040,2;002040,6;002020,28;000020,14
202020,1;002020,6;202020,1;002020,1;202020,1;000020,1;202020,2;404040,1;202040,1;202020,1;402020,1;404020,1;202020,1;402040,1;404040,1;202020,1;202040,2;202020,2;202040,1;202020,1;202040,2;202020,2;202040,2;202020,2;202040,1;204040,2;202040,1;202020,1;202040,12;204040,2;404060,1;406060,1;204040,1;404060,1;204040,1;404040,1;404060,1;404040,1;404060,1;204040,1;202040,2;404060,1;204060,5;202040,1;204060,1;202040,9;204060,1;202040,28;002040,2;202040,2;002040,4;202040,1;002020,25;000020,2;002020,1;000020,2;002020,4;000020,4
002020,1;202020,1;002020,1;202020,4;000000,1;000020,1;002020,1;202020,1;202040,1;604040,1;404020,1;202020,2;402040,1;404040,1;402040,1;202020,8;404040,1;202040,2;202020,2;204040,1;404040,1;204040,1;202040,4;404040,1;204040,1;202040,12;404060,3;204040,1;404040,1;202040,2;404060,3;204040,1;404060,1;202040,2;204060,1;404060,1;204040,1;404060,1;204060,2;404060,1;204060,1;202040,1;204060,2;202040,6;202060,1;204060,2;202060,1;202040,33;002040,1;002020,1;202040,1;002020,2;202020,1;002020,26;000020,1;002020,1;000020,1;002020,1;000020,3
202020,2;404040,1;202020,1;002020,1;202020,3;404040,2;202020,1;404020,1;202020,1;402020,1;404040,1;202020,2;402020,1;404040,1;202020,1;404040,1;606040,1;404040,1;202020,2;202040,2;204040,1;202020,2;404040,1;202020,1;202040,1;202020,1;202040,1;202020,1;202040,1;202020,1;404040,1;204040,1;202040,1;202020,1;204040,3;404040,1;204040,1;202040,2;204040,1;202040,1;204040,1;202040,1;404060,2;204040,2;404040,1;404060,2;404040,1;606060,1;404060,1;606060,1;404060,2;204060,1;404060,4;204040,2;202040,1;204060,1;202040,1;204060,3;202060,1;204060,1;202060,4;204060,1;202060,1;204060,3;202060,2;202040,29;002040,2;202040,3;002020,2;202020,1;002020,28;000020,3
404040,1;202020,6;002020,1;202020,1;402020,1;606040,1;402020,1;202020,2;404040,1;202020,4;404040,1;202020,1;404040,1;402020,1;202020,1;404040,2;204040,1;202020,1;202040,1;202020,1;404060,1;404040,1;202040,1;202020,1;202040,4;202020,1;202040,4;204040,3;202040,4;204040,1;202040,1;404060,1;606060,1;204040,2;404060,1;404040,2;404060,1;204040,1;606080,1;404060,1;606060,1;404060,1;606060,2;806080,2;606060,1;406060,2;606060,1;404060,3;204060,1;404060,2;204060,11;202060,1;204060,1;202060,2;202040,1;202060,2;202040,27;202020,8;002020,1;202020,2;002020,24;000020,1
402040,1;202020,3;002020,1;202020,2;404040,1;202020,1;404040,1;402020,1;202020,1;202040,1;202020,4;404040,6;606040,1;202020,1;202040,2;404040,1;202040,1;404040,1;202040,2;202020,1;202040,1;202020,1;202040,2;204040,1;202040,3;204040,2;404040,1;204040,1;202040,5;204040,1;202040,1;404060,1;404040,2;404060,3;406060,1;404060,1;606060,2;806060,1;808060,1;606060,2;A08080,2;806060,1;404040,1;606060,1;406060,1;404060,9;406080,1;204060,3;406080,1;204060,6;202060,1;204060,3;202060,4;204060,2;202040,25;202020,5;002020,1;202020,5;002020,22
202020,2;002020,1;202020,1;002020,1;202020,1;002020,1;202020,3;404020,1;202020,1;404040,2;202020,1;404040,1;202040,2;202020,1;404040,3;402020,1;402040,1;404040,1;204040,1;202020,1;404040,2;202040,2;202020,1;202040,5;404040,1;202040,9;204040,1;202040,2;204040,1;404060,2;606060,1;406060,1;404060,6;808080,1;606060,1;808080,1;806060,2;A08060,1;806060,2;606060,1;806080,1;406060,1;606080,1;404060,1;606080,1;606060,1;606080,2;406060,1;404060,6;204060,12;202060,1;204060,2;202060,2;202040,1;204060,1;202040,3;204060,1;202040,20;202020,13;002020,1;202020,1;002020,3;202020,2;002020,12
202020,2;002020,1;202020,5;000020,1;202020,2;202040,1;202020,2;404020,1;404040,1;202020,1;202040,1;404040,2;402020,1;404040,1;604040,1;404040,1;202040,1;202020,2;204040,1;404040,1;202020,2;202040,4;204040,1;202040,2;404040,1;202040,3;204040,1;202040,2;204040,1;202040,1;204040,1;202040,1;204060,1;404060,1;404040,2;404060,1;606060,1;404060,4;406060,1;404060,1;606060,1;806060,1;A08080,2;806060,1;A08060,1;A08080,1;806060,1;606060,2;606080,1;606060,1;808080,1;A08080,1;606060,1;806080,1;604060,1;404060,2;406060,2;404060,2;406080,1;404060,4;606060,1;404060,1;204060,9;202060,1;204060,3;202040,1;204040,3;202040,3;204040,3;202040,18;202020,12;002020,2;202020,3;002020,11
202020,12;404040,1;404020,1;202020,1;404040,1;402020,1;202020,2;404040,1;404020,2;404040,5;202020,1;404040,1;202020,1;202040,1;404040,1;202020,1;202040,1;404040,2;202040,4;204040,2;202040,1;204040,1;202040,1;204040,1;404060,1;204040,1;404060,3;404040,2;406060,1;404060,2;606060,1;404060,1;606060,1;406060,1;404060,2;606060,1;806060,3;C0A080,1;A08080,1;A08060,1;A08080,1;806060,1;808080,1;806080,1;808080,2;606060,3;406060,1;404060,2;406080,1;606060,2;606080,1;606060,1;606080,3;404060,3;204060,1;404060,1;204060,7;404060,2;204060,3;204040,2;204060,6;202040,17;202020,14;002020,1;202020,5;002020,9
202020,9;204040,1;202020,2;204040,1;202020,1;404020,1;404040,2;202020,2;404040,1;606060,1;606040,1;202020,1;402040,1;202040,2;404040,2;202040,1;404040,1;202040,2;204040,1;404040,3;202040,6;204040,2;404040,1;204040,2;404060,1;204040,2;404060,4;606060,4;404060,3;406060,1;808080,1;A0A080,1;808080,1;806080,1;808080,1;A08060,1;808060,1;806060,1;606060,2;606080,2;606060,1;406060,1;806080,1;606080,3;406060,1;606080,2;808080,1;606080,2;406060,1;606080,1;406080,2;406060,1;404060,4;204060,5;404060,1;606080,1;404060,1;204060,2;404060,1;204060,1;404060,1;204060,1;204040,1;204060,1;404060,1;204060,2;204040,1;202040,16;202020,21;002020,8
202020,6;204040,1;202020,3;404040,2;202020,2;404040,1;202020,1;404020,1;404040,2;404020,1;606040,1;604040,1;404040,7;202040,1;204040,1;202040,1;204040,1;202040,1;404040,1;202040,1;404040,1;202040,1;204040,1;202040,2;204040,2;404060,1;204040,1;404060,1;204040,1;404060,2;204040,1;404040,2;404060,1;606060,1;808060,1;A08080,2;806060,1;606060,1;406060,1;404060,2;806060,1;A08080,4;C0A080,1;808060,1;606060,1;406060,1;606060,1;808080,1;404060,1;606060,1;606080,1;606060,1;406060,1;606060,1;8080A0,1;806080,1;606080,1;404060,1;606080,1;404060,4;606080,2;606060,2;406080,1;404060,3;204060,2;404060,1;406060,2;606080,1;606060,1;606080,2;404060,1;204060,1;404060,7;204040,2;202040,14;202020,23;002020,7
202020,7;204040,1;202020,3;404040,2;604040,1;404040,1;202020,3;404040,1;606040,1;404040,1;604040,1;404040,3;604040,3;404040,1;202020,1;202040,2;404040,1;204040,1;202040,1;204040,1;404060,1;404040,1;202040,2;404060,1;204040,1;404060,1;204040,2;404060,1;204040,4;404060,1;406060,1;606060,2;806060,1;A08060,3;806060,1;606060,1;604060,1;606060,1;A08080,1;C0A080,2;A08080,1;A08060,1;C0A080,1;A08060,1;606060,3;806080,1;404060,1;406060,2;806080,1;606060,3;808080,2;404060,1;606080,1;606060,1;606080,1;404060,1;406080,1;606080,1;406060,3;404060,2;204060,4;404060,5;606080,1;404060,4;406060,1;404060,3;404040,2;404060,1;202040,1;204040,1;202040,15;202020,22;002020,3;202020,1;002020,2
202020,8;404040,1;402020,1;202020,1;402020,2;404040,2;202020,2;404040,2;604040,2;404040,1;606060,1;404040,4;606040,1;202040,1;202020,1;202040,3;204040,1;202040,1;404060,1;404040,2;202040,1;404040,1;204040,2;404060,1;204040,1;404060,2;204040,1;404040,1;404060,4;606060,3;806060,1;A08080,1;A08060,2;808060,1;806060,1;A08080,2;C0A080,1;E0C0A0,1;C0A080,4;806060,1;606080,1;A080A0,1;606060,1;404060,1;606060,1;606080,1;808080,1;606060,1;606080,1;808080,1;806080,1;808080,1;406060,1;606080,1;806080,1;606080,1;404060,1;606080,1;808080,1;606080,1;404060,1;606060,1;404060,6;406060,1;404060,1;606060,3;606080,1;606060,2;404060,3;406060,1;404040,1;404060,5;204040,1;202040,16;202020,22;002020,2;202020,3
202020,3;202040,1;202020,7;404040,1;202020,1;404040,1;202020,1;404040,1;202020,1;404040,1;606060,1;404040,1;604040,1;404020,1;604040,1;402040,1;202040,1;404040,3;202040,5;404040,1;204040,1;404040,3;204040,1;202040,1;404040,1;202040,1;404060,4;404040,1;404060,1;204040,1;404060,1;606060,1;404060,2;606060,1;808080,1;806060,1;A08080,1;C0A080,2;A08080,2;806060,1;808080,1;C0A080,1;E0C0A0,1;C0A080,2;C08080,1;C0A080,1;A08060,1;806080,1;A08080,2;806060,2;C0A0A0,1;A08080,1;806080,1;606080,1;606060,2;808080,1;606060,1;A08080,1;806060,1;606060,1;806080,1;606060,1;806060,1;808080,3;606080,2;606060,1;404060,1;606060,2;606080,1;606060,1;A08080,3;806060,1;A0A0A0,1;606080,1;606060,1;404060,3;606060,1;404040,1;406060,1;404040,1;404060,2;204040,2;404060,1;202040,1;204040,1;404060,1;202040,2;204040,1;202040,8;202020,27
202020,4;404040,1;202020,6;404040,1;402020,1;202020,2;402040,2;606060,1;604040,1;404040,3;202020,1;402040,1;404040,4;202040,1;404040,2;202040,1;404040,1;204040,1;404040,4;204040,1;404060,1;404040,2;202040,1;404040,1;404060,6;606060,1;404060,1;606060,2;A08080,1;806060,2;A08080,2;A08060,2;A08080,2;C0A080,1;A08080,1;C08060,1;C0A080,3;E0A080,1;C0A080,1;A08060,1;C0A080,1;C0A0A0,1;A08080,4;806080,1;A08080,1;C0A080,1;A08080,2;A06060,1;A08080,3;806060,1;808060,1;A0A0A0,1;806060,2;606060,1;806080,1;606060,3;808080,2;A08080,1;C0A080,1;A08080,2;808080,3;604060,1;404060,1;606060,5;604040,1;404060,2;404040,1;404060,1;204040,3;202040,12;202020,27
202040,1;202020,8;202040,1;202020,3;402040,1;202020,3;404040,1;604040,1;402020,1;404040,1;202020,1;402020,2;402040,1;404040,10;604040,1;404040,3;204040,1;404040,3;404060,1;404040,1;404060,1;606060,2;404060,1;604060,1;606060,1;404060,1;606060,2;806060,2;808060,2;A08060,1;A08080,1;A08060,1;A08080,2;C08080,1;A08080,1;C08080,2;C0A080,2;E0A080,1;C0A080,3;C08080,2;A08080,1;A08060,1;C08080,1;C0A080,5;A08080,5;C0A080,1;A08080,2;808080,1;806080,1;808080,1;806060,1;808080,2;806060,2;A0A080,1;C0A080,1;A08060,1;C0A080,1;A08060,1;806060,2;606060,1;806060,4;604040,1;604060,1;404040,1;404060,1;404040,3;404060,1;204040,1;202040,2;204040,1;202040,11;202020,26
202020,1;402040,1;202020,1;404040,2;202040,1;202020,2;402040,2;202020,1;404040,1;202020,4;402040,1;404040,3;202020,1;404040,1;202020,1;606040,1;404040,2;404020,1;404040,1;202040,1;404040,11;202040,1;404060,1;404040,1;404060,1;606060,1;604060,1;808080,1;606040,1;806060,2;606060,1;604060,1;806060,1;606060,4;806060,1;A08080,1;A08060,1;C08080,1;A08080,1;C0A080,1;C08080,1;A08060,1;C0A080,1;E0A080,1;C0A080,8;A08080,2;C08080,1;C0A080,2;C08080,2;C0A080,2;A08080,1;A08060,2;C0A080,2;A0A080,1;A08080,3;808080,2;A08080,1;808060,1;A08080,1;A08060,1;C0A080,1;C08080,1;C0A080,1;A08080,1;A08060,2;806060,1;808060,1;806060,2;808060,1;806060,1;606060,2;604040,1;404060,1;404040,2;204040,1;404040,2;204040,2;202040,6;204040,1;202040,4;202020,27
202020,4;202040,1;202020,1;202040,1;404040,3;202020,1;404040,1;402040,1;202020,2;402040,3;404040,1;402020,1;402040,1;202020,1;404040,2;604040,1;404040,3;402040,1;404040,8;606040,1;404040,1;604060,1;404040,2;606060,1;404040,2;806060,3;606040,1;806060,3;606060,1;604060,1;606060,1;604060,1;606060,1;A08080,2;806060,1;A08060,2;C0A080,1;C08080,1;C0A080,3;C08060,1;C0A080,2;E0A080,1;C0A080,1;E0A080,1;C0A080,1;C08080,1;C0A080,5;E0C080,1;C0A080,4;A08060,1;C0A080,1;E0C0A0,1;E0A080,1;C08060,1;C0A080,3;A08080,1;806060,1;808060,1;806060,1;A08080,3;A08060,1;A08080,1;A08060,2;A08080,1;A06060,1;A08060,2;806060,1;A08080,1;808060,1;806060,1;606060,1;604040,2;604060,1;404040,3;404060,1;202040,1;204040,1;202040,5;204040,1;404040,1;202040,6;202020,25
202020,8;202040,1;202020,6;202040,1;202020,4;404040,1;202020,2;404040,10;604040,1;404040,3;606060,2;806060,3;604040,1;404040,1;606060,1;606040,1;806060,3;808060,1;606060,3;806060,3;A08080,3;A08060,1;C0A080,1;A08080,2;C0A080,1;A08080,1;C08060,2;E0A080,1;E0C080,3;C0A080,1;E0A080,2;C0A080,1;C08060,1;C0A080,2;E0C080,1;E0C0A0,3;C0A080,1;C08080,1;C0A080,1;A08060,1;C0A080,1;E0C0A0,1;C0A080,2;C08080,1;A08060,2;A08080,1;808060,1;808080,1;806060,1;A08080,1;C08080,2;C08060,2;C0A080,1;C08080,1;A08060,1;A08080,1;A08060,2;A08080,2;808060,1;A08060,1;808060,1;806060,1;606060,3;404040,3;202040,1;404040,1;202040,1;204040,2;202040,1;404060,1;404040,2;202040,6;202020,25
404040,1;202020,2;202040,1;202020,1;202040,1;202020,2;404040,1;202040,1;202020,6;404040,1;202020,3;404040,1;402040,1;202020,1;606040,1;404040,1;404020,1;404040,1;606040,1;806040,1;806060,1;606040,1;404040,1;604040,1;404040,1;604040,4;604060,1;604040,1;808060,1;606040,1;606060,1;404040,1;606060,1;606040,2;404040,1;604040,1;606060,5;806060,2;A08060,1;A08080,2;C08080,1;A08060,2;A06060,1;A08060,1;C08080,1;C08060,3;E0A080,1;E0C080,1;E0A080,1;C0A080,5;E0A080,1;E0C080,1;E0A080,1;E0C080,1;E0A080,1;C08060,1;C0A080,1;A08080,1;C08080,1;C0A080,1;C08080,1;E0C0A0,1;E0C080,2;C0A060,1;C08060,1;A08060,1;A08080,1;808060,1;806080,1;A08060,3;C0A080,3;C0A060,1;A08060,2;A06060,1;806060,1;A08060,1;808060,1;806060,1;808060,1;A08060,1;806060,3;606060,2;404040,1;404060,1;404040,2;404060,1;202040,3;404040,1;604060,1;404040,3;204040,1;202020,1;202040,2;202020,1;404040,1;202020,24
202020,6;402040,2;202020,1;404040,1;202020,7;202040,1;404040,2;402040,1;202020,1;404040,1;606040,1;604040,1;404040,1;604040,2;606040,2;404020,1;604040,1;404040,1;604040,3;606040,2;806060,1;808060,1;604040,1;806040,1;806060,1;606040,1;604040,1;606060,4;808080,1;806060,3;A08060,1;808060,1;806060,1;C0A080,1;A08060,1;A08080,1;C08080,1;A08060,4;C0A080,2;E0A080,2;C0A080,1;E0A080,1;C0A060,2;C0A080,2;C0A060,1;A08060,1;C08080,1;C0A080,2;C08080,1;A08060,2;C08080,1;A08060,2;A08080,1;C08080,1;E0C080,1;E0A080,2;C0A060,1;C08060,1;A08080,1;A08060,2;C08080,1;A08080,1;A08060,1;C0A080,1;E0A080,2;C0A060,1;C08060,2;A08060,1;806060,1;A08060,1;806060,3;A08060,3;806060,1;808060,1;606060,1;604040,1;404040,1;606060,2;404040,1;606060,1;404040,1;202040,1;404040,3;606040,1;404040,2;606060,1;404040,5;202040,1;202020,4;202040,2;202020,17
604040,1;604020,1;404020,1;202020,11;404040,1;202020,1;604040,1;404040,2;404020,1;604040,1;806060,1;606040,1;806040,1;606040,1;604040,1;606040,1;806060,1;604040,1;606040,1;404020,1;604040,2;606040,1;604040,1;806040,1;606040,2;604040,3;806060,1;806040,1;606040,1;806060,1;604040,1;404040,1;604040,1;606060,2;604040,1;806060,2;A08060,2;806040,1;A08060,1;C0A080,1;C08060,1;E0A080,1;C0A080,1;C08060,1;C08080,1;C08060,6;C08080,1;A08060,1;C08080,1;C08060,1;C0A080,1;C08060,1;A08060,1;C08080,1;A08060,2;C0A080,2;A08060,1;C08080,1;A08080,1;A08060,4;E0A080,2;E0A060,1;C0A060,1;C08060,1;C0A080,1;C08080,1;C08060,1;E0A080,1;C0A080,1;C08060,1;E0A060,1;E0A080,2;C08060,2;A08060,1;806060,3;606060,1;806060,1;A08060,3;806060,1;806040,1;606040,1;606060,1;606040,1;806060,2;404040,3;402040,1;604040,3;404040,1;604040,1;606040,1;806040,3;606040,1;806040,1;808060,1;404040,1;202040,1;202020,1;404040,1;604040,1;604020,1;404020,1;604040,2;606040,3;604020,1;202020,11
806040,2;604040,1;606040,1;404020,2;606040,1;202020,1;404040,3;404020,1;202020,1;402020,1;202020,2;404020,2;404040,2;604040,1;404020,2;606040,3;604040,1;806040,1;604040,6;806040,1;606040,1;604040,1;606040,1;604040,1;606040,2;808060,1;606040,1;806040,1;A08060,1;806060,1;606040,1;806060,1;606060,2;604040,1;606040,1;806060,1;806040,1;806060,3;C0A060,1;E0A080,1;E0A060,1;C08060,1;A08060,4;C08060,7;C0A080,1;C08060,2;C0A080,1;C08080,1;A06060,1;A08060,1;C0A080,1;C08080,1;C08060,1;C08080,2;A08060,4;C08060,1;C0A060,1;E0A060,3;C0A080,1;C08060,1;C0A080,1;C0A060,3;E0A080,1;E0A060,2;C0A060,1;C08060,1;A08060,1;A06060,1;A08060,1;808060,1;806060,2;806040,1;A08060,2;806040,2;A08080,1;806040,1;606040,3;604040,1;606060,1;606040,2;808060,1;806040,1;604040,1;808060,1;A08060,1;806040,1;A08040,1;A06040,1;806040,2;A08040,1;808040,1;404020,1;404040,1;806040,3;804040,2;806040,2;A08040,3;A06040,1;604020,2;404040,1;202020,2;404020,1;404040,2;202020,3
604020,2;806040,2;604020,1;604040,2;404020,2;404040,1;202020,2;404040,1;404020,1;604040,1;402020,1;404020,1;404040,1;404020,1;604040,1;404040,1;404020,1;604040,1;404020,3;806040,1;606040,1;806040,1;604020,1;604040,3;806040,3;604040,1;606040,1;806060,1;604040,3;404040,1;806060,2;606040,1;604040,1;806060,1;604040,1;604060,1;604040,1;806060,1;A08060,1;806040,1;806060,1;A08080,1;A06040,1;A08060,1;C08060,1;C0A060,1;E0A080,1;E0A060,1;C08060,1;A08060,2;C08060,4;C0A080,1;C08060,1;E0A080,1;C0A080,1;C0A060,1;E0C080,1;E0A080,1;C0A080,1;A08060,3;C08060,1;C08080,1;C0A080,1;C08060,1;A08080,1;A08060,1;C0A080,2;A08060,1;C08060,1;E0A080,1;E0C080,2;E0A060,1;E0A080,2;E0A060,1;E0C080,2;E0C060,1;E0A060,1;C0A060,2;C08060,3;C0A060,1;A08060,5;806040,1;806060,1;604040,1;806040,2;806060,1;A08060,2;806040,6;A08060,1;A08040,1;C08060,1;C08040,2;A08040,4;806040,1;604040,2;806040,1;806020,2;804020,2;806040,1;A06040,1;A08040,1;C08040,1;A08040,2;806020,1;804020,1;806040,1;604020,1;804020,2;A06040,1;A08040,1;808060,1;202020,2
604020,4;404020,2;402020,2;404040,1;402040,1;202020,1;404040,1;404020,3;604040,1;404020,1;604040,2;402020,1;604040,1;604020,1;606040,2;806040,2;A08040,1;808040,1;806040,2;606040,2;806040,1;A08040,1;808040,1;604040,4;404040,2;606040,1;606060,1;404020,1;604040,1;806040,1;604040,1;606040,1;806060,1;604040,1;806060,2;806040,2;806060,1;806040,1;C0A080,1;C08080,1;A08060,1;C0A060,1;C08060,1;E0A060,7;E0C080,1;C0A060,2;C08060,1;E0A080,1;E0C080,4;E0A080,1;C0A080,1;E0A080,1;C0A060,2;C08060,1;C0A060,2;C0A080,1;C0A060,1;C0A080,1;E0A080,1;C0A060,2;E0C060,1;E0C080,7;E0C060,1;E0C080,2;C0A060,2;C08060,1;C0A060,1;C08060,3;A08060,2;A06040,1;806040,1;A06060,1;A06040,1;806040,1;A08040,2;808040,1;806040,1;A06040,1;A08060,2;C0A060,1;C08060,1;A08040,2;C08040,4;A08040,1;C08040,2;806020,1;604020,1;806040,2;806020,1;806040,3;804020,1;A06040,1;806040,1;A08040,1;C08040,2;A06020,1;C08040,1;A06020,2;A06040,1;A06020,1;806020,1;A08040,1;C0A040,1;E0A040,1;A06040,1;604020,1
806040,2;604020,1;806040,3;606040,2;604020,1;606040,2;604040,1;606040,1;A08060,1;806040,1;A08040,1;806040,3;A08040,2;A08060,1;A08040,1;C0A060,2;C0A040,1;C08040,1;C0A060,1;C08060,1;A08040,3;A08060,1;A08040,1;806040,1;A08060,1;806040,3;606040,1;806040,3;808060,1;A08060,3;808060,1;A08060,8;C08060,2;E0C080,2;C0A080,1;E0C080,2;E0C060,1;E0C080,1;E0C060,2;E0C080,1;E0E080,3;E0C080,2;E0E080,4;E0E0A0,2;E0C080,2;E0E0A0,2;E0C080,8;E0C060,1;E0E080,4;E0C080,7;C0A060,1;E0A060,1;E0C060,2;C0A060,3;E0A060,1;C0A060,4;E0C080,1;C0A060,1;E0A060,1;C0A060,1;C0A040,1;C0A060,2;E0A060,1;E0C080,1;C0A060,4;E0A060,3;C0A040,1;C08040,1;C0A060,3;A08060,2;A08040,1;C0A060,1;C08060,1;A08040,2;A08060,1;A08040,1;C08040,3;C0A040,2;C08040,1;C0A060,1;A08040,1;A08020,3;C0A040,2;A08040,2
604020,6;606040,1;604020,1;404020,2;202020,1;404020,1;604040,1;606040,1;404020,1;604020,1;404020,1;402020,1;604040,1;404020,1;604040,4;806040,1;804040,1;A06040,1;806040,2;604020,2;604040,1;604020,2;606040,2;604040,1;606040,1;604040,1;404040,1;606040,1;806060,1;606040,1;806040,2;606040,1;604040,1;606040,1;604040,3;806040,3;606040,1;806040,1;A08060,1;A06060,1;A08060,1;A06040,2;A08060,1;C08060,1;A08040,1;C08060,2;A08040,1;C08060,1;C0A060,1;C08060,1;C0A060,1;C08060,1;C0A060,1;E0C080,1;E0A060,3;C0A060,1;C08060,6;A08060,1;A08040,1;C08060,3;A08060,1;A08040,1;C0A060,1;E0C080,2;E0A060,1;E0C080,1;E0A060,1;E0C060,1;E0A060,1;C0A060,1;E0A060,1;C0A060,1;C08040,1;A08040,2;A08060,1;C08060,1;A08040,1;A06040,4;604040,1;806040,1;808060,1;806040,5;606040,1;806040,2;A08060,1;A08040,1;804020,1;A08040,3;C08040,2;A06020,2;A08040,1;A06040,1;806040,2;604020,1;806040,1;A06040,1;A06020,1;804020,2;604020,1;806020,1;A08040,2;C08040,1;A06020,2;806020,2;806040,1;A06040,2;A08040,1;C08040,2;604040,1;202020,1
806040,2;604020,3;404020,1;604040,1;402020,2;202020,1;402020,1;202020,1;402020,2;604040,1;404020,2;604040,1;604020,1;404020,1;604020,1;404020,1;604040,1;606040,1;604020,2;A06060,1;806040,1;804040,1;604020,1;404020,1;604020,1;604040,1;604020,1;806040,1;604040,2;604020,1;404020,1;604040,1;606040,1;806040,1;606040,1;806060,1;808040,1;606040,2;806040,1;604040,3;806040,3;806060,2;A06060,1;806040,1;A08060,2;C0A060,1;C08060,1;A06040,1;806040,4;A06060,1;A08060,1;A06060,2;A08060,1;A08040,1;C08060,2;C0A060,1;C08060,1;A06040,1;806040,1;A08060,1;806040,1;A06060,1;C08060,1;A06060,1;806040,2;A06040,1;A08060,1;A06040,2;A08060,1;C08060,3;A08040,1;C08060,2;C0A060,3;C08060,1;C08040,2;A06040,2;A08040,1;A08060,2;A06060,1;A06040,3;806040,1;806060,1;604020,1;604040,1;604020,1;808060,1;A08060,1;806040,1;604040,1;606040,1;806040,6;C08060,1;A08040,3;A06020,1;A08040,2;806020,1;604020,2;806040,2;806020,1;806040,1;604020,1;804020,1;806020,1;A08040,3;A06040,1;804020,1;604020,1;804020,1;402020,1;604020,2;806040,1;A08060,1;604040,1;202020,2
604020,4;402020,1;404020,2;402020,1;202020,1;402020,2;202020,2;402020,1;404020,1;402020,1;604020,4;604040,1;604020,1;404020,1;606040,2;604020,1;806040,2;604020,1;604040,1;604020,1;604040,1;604020,1;606040,2;604020,2;606040,1;604020,1;604040,1;604020,1;806040,1;606040,1;604040,1;806040,1;604020,1;604040,1;806040,1;604040,1;606040,1;604040,1;806040,7;A08060,2;A08040,1;806040,5;A06040,1;A06060,1;A06040,3;A08060,4;C08060,1;A08060,1;806040,1;806060,3;806040,1;A06060,1;806040,1;806060,1;806040,1;806060,1;806040,1;A06060,2;A06040,2;A08060,1;A06040,1;806040,2;A08060,5;A06040,2;806040,7;A08060,1;A08040,1;806040,4;606040,1;604040,1;606040,1;806040,1;604040,1;606040,2;604020,4;606040,1;A08040,1;806040,1;C08060,1;A08040,1;A06040,1;806040,1;A08040,1;A06040,1;604020,1;604040,1;404020,1;604020,1;806020,1;604020,1;604040,1;604020,1;806040,1;A08040,2;A06040,1;806040,1;602020,1;604020,1;404020,1;202020,8
402020,2;404020,1;402020,1;202020,1;402020,1;202020,8;402020,1;404040,1;604040,1;404020,1;604020,5;606040,1;604040,2;606040,1;806020,1;806040,2;604020,1;604040,1;402020,1;604020,4;606040,3;604020,1;604040,1;606040,2;604040,8;806040,6;A06060,1;A08060,1;806040,2;804040,1;806040,4;A06040,1;806040,5;A06040,1;806040,4;804040,1;806060,2;806040,1;806060,1;806040,1;604040,1;806040,3;A06060,2;A06040,2;806040,3;804040,1;A08060,1;806040,2;A06040,4;806040,2;606040,2;604040,2;606040,1;806040,3;804020,1;604040,6;404020,2;604040,1;404020,1;404040,2;402020,2;604040,1;806040,1;A06040,1;806040,1;804020,2;806040,2;404040,1;202020,4;404040,1;202020,3;404020,3;604040,1;402020,2;202020,9
202020,1;402020,3;202020,11;402020,1;404020,1;402020,1;404020,1;402020,2;604040,1;404020,1;604020,3;604040,1;806040,2;604020,3;604040,2;604020,1;604040,1;604020,2;604040,1;806040,1;606040,1;604040,1;604020,1;604040,1;604020,1;404040,2;604040,4;604020,2;604040,1;604020,1;606040,1;806040,4;604040,2;606040,2;806040,5;806060,1;806040,1;606040,1;806040,3;606040,1;806060,1;806040,3;806060,1;604040,1;806060,1;604040,3;806040,1;A08060,1;A08040,1;A06040,1;806040,2;604040,1;806040,1;604040,4;806040,6;604040,1;604020,1;604040,4;806040,3;604040,2;606040,1;402020,1;604040,3;404040,1;402020,4;404040,1;402020,2;404020,2;604040,1;604020,2;402020,1;404020,2;202020,16;002020,1;202020,2;002020,5
202020,15;402020,2;202020,1;402020,1;202020,2;202000,1;402020,1;404020,2;402020,1;404020,1;604020,1;604040,1;604020,1;604040,1;402020,1;404020,4;604040,6;404020,1;404040,1;604040,6;404020,1;604040,5;606040,1;604040,3;606040,1;604040,3;806040,1;606040,1;604020,1;604040,1;806040,3;606040,1;806040,3;604040,1;806040,2;806060,1;A08060,1;806060,1;806040,1;604040,5;808060,1;A08040,1;A06040,1;806040,1;604040,1;604020,1;604040,2;404020,1;404040,1;604040,1;404020,1;806040,1;606040,1;604040,5;604020,1;604040,1;806040,1;404020,1;606040,1;806040,1;604040,1;604020,1;604040,2;404040,1;402020,1;404040,2;202020,1;404040,1;402040,1;202020,3;402020,1;404020,1;402020,1;202020,2;402020,1;202020,16;002020,10;000020,1;002020,1
202020,16;402020,2;202020,4;402020,1;404020,2;402020,1;604040,1;402020,4;604040,1;404020,1;402020,1;404040,1;202020,1;404020,1;404040,1;404020,1;402020,1;404020,2;402020,1;404020,1;604040,1;404020,4;604040,1;404020,1;402020,1;404040,1;604040,7;606040,1;604040,5;604020,1;806040,5;604040,1;806040,1;604040,3;606040,1;806040,4;604040,1;606040,1;404020,1;404040,1;404020,1;808060,1;806040,2;604040,1;606040,1;604040,3;404040,2;604040,11;606040,1;604040,4;404020,1;604040,1;404020,1;404040,1;202020,9;404040,1;202020,14;002020,10;000020,2;002020,2;000020,5
202020,8;404040,1;202020,8;402020,1;202020,3;202000,1;402020,1;404020,1;402020,4;404040,1;202020,1;402020,8;404020,1;402020,5;404020,1;404040,1;404020,1;404040,1;404020,1;604040,1;404020,1;402020,2;404020,1;402020,1;404020,1;404040,2;604040,1;404020,1;604040,4;606040,1;604040,3;806040,1;806060,1;806040,2;604040,3;606040,1;604040,1;606040,1;604040,2;606040,1;604040,2;606040,1;604040,2;404020,1;806040,2;604040,1;404020,1;604040,1;606040,1;604040,1;402020,1;404040,1;404020,1;604040,5;604020,1;604040,10;402020,1;404020,2;402020,1;202020,18;002020,14;000020,11
202020,3;402020,1;202020,6;404020,1;202020,6;404020,1;202020,1;402020,1;202020,3;404040,1;404020,1;402020,1;404020,1;402020,2;202020,5;402020,2;202020,1;404040,1;404020,1;402020,1;202020,5;404040,1;404020,1;402020,1;202020,1;402020,2;404020,1;402020,4;404020,1;604040,1;404020,1;402020,1;604040,5;606040,2;604040,6;606040,1;604040,1;604020,1;604040,8;404020,1;604040,1;404040,1;606040,1;604040,2;404040,1;404020,1;604040,1;404020,1;404040,1;604040,3;404020,1;606040,3;604040,1;402020,1;404020,1;402020,1;604040,1;404020,1;604040,1;604020,2;402020,1;404020,1;402020,2;202020,17;002020,9;000020,2;002020,5;000020,12
202020,5;202000,1;202020,11;404040,1;202020,1;402020,1;202000,1;202020,3;202000,1;402020,1;202020,8;402020,2;202020,9;402020,3;202020,1;402040,1;402020,2;202020,1;402020,1;404020,2;402020,2;404020,2;604040,4;404020,1;604040,4;606040,1;604040,2;604020,2;404020,2;404040,2;604040,1;404040,1;404020,2;604040,1;404020,1;402020,1;404020,3;604040,2;402020,2;404020,1;604040,1;402020,1;404020,1;604040,1;404040,1;402020,1;604040,1;606040,1;604020,1;604040,2;404020,1;402020,2;404040,1;404020,1;604040,1;604020,1;402020,4;202020,15;002020,8;000020,7;002020,1;000020,14
202020,4;200000,2;202020,6;402020,1;202020,3;404020,2;402020,1;202020,1;402020,1;202000,3;202020,1;202000,1;202020,1;402020,2;202020,2;402020,1;202020,14;402020,1;202020,1;402020,1;404040,1;202020,1;402020,1;202020,1;404020,2;202020,2;402020,1;404020,3;604040,1;604020,1;604040,1;404020,1;604040,1;404020,1;604020,1;604040,2;604020,1;404020,1;604040,1;604020,2;404020,2;404040,1;404020,6;402020,1;404020,3;402020,1;404040,1;404020,1;604040,1;402020,3;202020,1;402020,1;404020,2;604040,2;604020,1;604040,1;404020,3;402020,1;202020,1;402020,1;404040,1;404020,1;402020,1;404020,1;402020,1;404020,1;402020,1;202020,6;002020,1;202020,1;002020,1;202020,2;002020,7;000020,21;000000,5
202000,1;202020,7;200000,1;202020,3;402020,1;202000,1;202020,2;404020,2;202000,1;402020,1;202020,12;202000,1;202020,1;402020,1;202020,9;402020,1;202020,1;402020,1;202020,2;404040,1;402020,1;202020,2;404040,1;402020,3;404020,5;604020,1;604040,1;604020,1;604040,1;404020,1;604020,2;604040,1;404020,2;604040,1;404020,6;402020,1;404020,2;404040,1;404020,4;402020,2;404040,1;404020,1;402020,1;202020,1;402020,1;202020,3;402020,2;202020,1;604040,3;402020,1;404020,2;402020,1;202020,3;402020,6;202020,7;002020,3;000020,1;202020,1;000020,24;000000,8
